Country,Share_Of_Wealth_Top10_Pct_2023
Canada,47.0514755249023
Netherlands,55.7021369934082
