country,Ημιαστικές περιοχές,Αγροτικές περιοχές,Αστικές περιοχές,TOTAL,country_gr
LT,0.6274865484579818,0.08101288739336236,0.2915005641486558,2805998.0,Λιθουανία
LV,0.4607057310728415,0.21633026026292318,0.3229640086642353,1875757.0,Λετονία
