party,pct,pct_adj,proj_seats,last_election
ΕΛ,9.44622992399842,11.094846487273232,33.0,4.4
ΚΚΕ,8.927315708138364,10.48536803805567,31.0,7.7
ΜέΡΑ25,2.6790723832870853,3.146641259001014,9.0,
ΝΔ,29.47121766388438,34.614723376901274,105.0,40.6
Νίκη,2.8332206058795997,3.3276924169455215,10.0,3.7
ΠΑΣΟΚ,16.76683656220318,19.693092295185536,60.0,11.8
ΠΕ,8.082783401148667,9.493442542383713,28.0,3.2
ΣΥΡΙΖΑ,6.934023398220436,8.144193584254033,24.0,17.8
Σπαρτιάτες,0.0,0.0,0.0,4.6
