party,pct,pct_adj,proj_seats,last_election
ΕΛ,10.530516345411808,12.123691594576407,36.0,4.4
ΚΚΕ,9.796802454278541,11.278973193029831,34.0,7.7
ΜέΡΑ25,2.6761645945021177,3.0810449493490153,9.0,
ΝΔ,29.010395597179695,33.399415348717135,101.0,40.6
Νίκη,4.2467156594291575,4.889206688066145,14.0,3.7
ΠΑΣΟΚ,14.654992748343169,16.872165293117746,51.0,11.8
ΠΕ,4.553106716443065,5.241952038885658,15.0,3.2
ΣΥΡΙΖΑ,11.3902981580421,13.113550894258058,40.0,17.8
Σπαρτιάτες,0.0,0.0,0.0,4.6
