party,pct,pct_adj,proj_seats,last_election
ΕΛ,10.049420867982198,11.699569828804329,35.0,4.4
ΚΚΕ,10.158097044607425,11.826091001900508,35.0,7.7
ΜέΡΑ25,3.1928532060012174,3.717130521993299,11.0,
ΝΔ,28.405979894092383,33.07033805155729,100.0,40.6
Νίκη,3.996934201042859,4.653244341196201,14.0,3.7
ΠΑΣΟΚ,16.628429418982492,19.358873878051867,58.0,11.8
ΠΕ,4.71428251462553,5.4883836787350235,16.0,3.2
ΣΥΡΙΖΑ,8.749647009090637,10.18636869776148,31.0,17.8
Σπαρτιάτες,0.0,0.0,0.0,4.6
