party,pct,pct_adj,proj_seats,last_election
ΕΛ,8.557009180207169,9.74296615171516,29.0,4.4
ΚΚΕ,8.81977497377629,10.042149917755076,30.0,7.7
ΜέΡΑ25,2.4174255548531436,2.752468164893939,8.0,
ΝΔ,32.023459066033475,36.461743954053624,110.0,40.6
Νίκη,3.713783591869678,4.228494684109408,12.0,3.7
ΠΑΣΟΚ,12.995387817828558,14.796480986648866,45.0,11.8
ΠΕ,4.274633609425044,4.8670755973880935,14.0,3.2
ΣΥΡΙΖΑ,15.02608351206159,17.108620543435823,52.0,17.8
Σπαρτιάτες,0.0,0.0,0.0,4.6
