party,pct,pct_adj,proj_seats,last_election
ΕΛ,9.567427902580071,11.310748771138934,34.0,4.4
ΚΚΕ,9.608225831724795,11.35898066080013,34.0,7.7
ΜέΡΑ25,2.8801918539860956,3.4050036023090855,10.0,
ΝΔ,28.686916286880752,33.91407873082599,103.0,40.6
Νίκη,3.566154403281723,4.215958243461962,12.0,3.7
ΠΑΣΟΚ,18.461064217951943,21.824931584883643,66.0,11.8
ΠΕ,4.629172140108814,5.472672867595529,16.0,3.2
ΣΥΡΙΖΑ,7.1878901505450825,8.497625538984721,25.0,17.8
Σπαρτιάτες,0.0,0.0,0.0,4.6
