party,pct,pct_adj,proj_seats,last_election
ΕΛ,4.19520621777331,4.704636083168096,14.0,3.7
ΚΙΝΑΛ,10.31968632552746,11.572820532245958,35.0,8.1
ΚΚΕ,6.794993825185214,7.620119602091552,23.0,5.3
ΜέΡΑ25,4.588112658891097,5.1452537129667615,15.0,3.4
ΝΔ,34.158952307356536,38.30692253161879,115.0,39.8
ΣΥΡΙΖΑ,29.11479635437273,32.65024753790884,98.0,31.5
ΧΑ,0.0,0.0,0.0,2.9
