party,pct,pct_adj,proj_seats,last_election
ΕΛ,10.314884685343834,11.959089805242272,36.0,4.4
ΚΚΕ,10.083937221853,11.691329036175786,35.0,7.7
ΜέΡΑ25,3.191827301877517,3.700608442110273,11.0,
ΝΔ,28.383479220917394,32.907840207897024,99.0,40.6
Νίκη,4.004277458091268,4.64256413786796,14.0,3.7
ΠΑΣΟΚ,16.68967686604268,19.35003158543072,58.0,11.8
ΠΕ,4.776649266587451,5.5380529487092165,16.0,3.2
ΣΥΡΙΖΑ,8.80668722042593,10.210483836566752,31.0,17.8
Σπαρτιάτες,0.0,0.0,0.0,4.6
