party,pct,pct_adj,proj_seats,last_election
ΕΛ,10.350893311043192,11.707160094017754,35.0,4.4
ΚΚΕ,8.992633419897938,10.17092882227276,30.0,7.7
ΜέΡΑ25,2.7046867474035827,3.059079038351202,9.0,
ΝΔ,27.386683463908177,30.97513210904197,94.0,40.6
Νίκη,2.9260907216009833,3.3094933449710346,10.0,3.7
ΠΑΣΟΚ,15.146953835555449,17.131643439929565,51.0,11.8
ΠΕ,13.612395989588432,15.39601407573739,46.0,3.2
ΣΥΡΙΖΑ,7.2947284015968314,8.250549075678322,25.0,17.8
Σπαρτιάτες,0.0,0.0,0.0,4.6
