party,pct,pct_adj,proj_seats,last_election
ΕΛ,4.299787258664529,4.7032329383045735,14.0,3.7
ΚΙΝΑΛ,11.01187801826882,12.04511393063663,36.0,8.1
ΚΚΕ,6.195969350318148,6.7773323143882305,20.0,5.3
ΜέΡΑ25,3.308899651551347,3.6193711210620183,10.0,3.4
ΝΔ,37.18732746834785,40.67658535528905,123.0,39.8
ΣΥΡΙΖΑ,29.418088113034656,32.1783643403195,97.0,31.5
ΧΑ,0.0,0.0,0.0,2.9
