party,pct,pct_adj,proj_seats,last_election
ΕΛ,8.935577225616665,9.675908027733946,29.0,4.4
ΚΚΕ,9.04972216872375,9.799510112238215,29.0,7.7
ΜέΡΑ25,2.2959622215227,2.486187375440898,7.0,
ΝΔ,35.87360055317098,38.84580154274177,118.0,40.6
Νίκη,4.244460873730061,4.596123116007547,13.0,3.7
ΠΑΣΟΚ,14.767127278822414,15.990613899469253,48.0,11.8
ΠΕ,3.046763934155233,3.2991945416339217,10.0,3.2
ΣΥΡΙΖΑ,11.870140444718688,12.85360579617805,39.0,17.8
Σπαρτιάτες,2.2653654403750836,2.4530555885564076,7.0,4.6
