party,pct,pct_adj,proj_seats,last_election
ΕΛ,6.025642704353156,6.23744352397578,19.0,4.4
ΚΚΕ,9.64878364808937,9.987937558351975,30.0,7.7
ΜέΡΑ25,2.8235465282289782,2.9227939443576303,8.0,
ΝΔ,38.56470876792757,39.920254943882206,121.0,40.6
Νίκη,3.443190476190476,3.5642183234684275,10.0,3.7
ΠΑΣΟΚ,13.62305085644204,14.101899915160809,43.0,11.8
ΠΕ,3.112843540016507,3.2222597210748667,9.0,3.2
ΣΥΡΙΖΑ,15.934629088795418,16.494729922346533,50.0,17.8
Σπαρτιάτες,3.427969322344324,3.5484621473817626,10.0,4.6
