party,pct,pct_adj,proj_seats,last_election
ΕΛ,7.158583292916916,7.412227040586361,22.0,4.4
ΚΚΕ,9.8911630581995,10.24162788681631,31.0,7.7
ΜέΡΑ25,2.455670139319614,2.542679726508922,7.0,
ΝΔ,38.178446974711356,39.53119010482854,120.0,40.6
Νίκη,5.785384615384615,5.990373029364132,18.0,3.7
ΠΑΣΟΚ,14.897759029451754,15.425618143118186,46.0,11.8
ΠΕ,3.4338545720302696,3.555523302694255,10.0,3.2
ΣΥΡΙΖΑ,11.73365388641765,12.149402062254607,37.0,17.8
Σπαρτιάτες,3.04352034060627,3.1513587038286954,9.0,4.6
