party,pct,pct_adj,proj_seats,last_election
ΕΛ,8.690553537916944,9.385279744186047,28.0,4.4
ΚΚΕ,9.207034584697881,9.943048485320919,30.0,7.7
ΜέΡΑ25,2.258294087586442,2.43882298914188,7.0,
ΝΔ,35.75743650279377,38.61589978699196,117.0,40.6
Νίκη,4.59645585551464,4.963898311838371,15.0,3.7
ΠΑΣΟΚ,14.722470538147025,15.89939051904931,48.0,11.8
ΠΕ,2.9035776252340018,3.1356907420090896,9.0,3.2
ΣΥΡΙΖΑ,12.153335427771859,13.124877755704587,39.0,17.8
Σπαρτιάτες,2.308545636013103,2.49309166575782,7.0,4.6
