party,pct,pct_adj,proj_seats,last_election
ΕΛ,8.984822820672882,10.696617896804193,32.0,4.4
ΚΚΕ,9.492806032421788,11.301382445034038,34.0,7.7
ΜέΡΑ25,2.876177548764742,3.4241490184665997,10.0,
ΝΔ,29.175253499897597,34.7337443330276,105.0,40.6
Νίκη,3.450242138221689,4.107584817264785,12.0,3.7
ΠΑΣΟΚ,18.579231352538915,22.118960224476623,66.0,11.8
ΠΕ,4.717506502921662,5.61628932418535,17.0,3.2
ΣΥΡΙΖΑ,6.720816936824113,8.0012719407408,24.0,17.8
Σπαρτιάτες,0.0,0.0,0.0,4.6
