party,pct,pct_adj,proj_seats,last_election
ΕΛ,4.573238694594957,4.865341428119052,14.0,3.7
ΚΙΝΑΛ,12.052173913043477,12.821972556851113,38.0,8.1
ΚΚΕ,7.709846153846153,8.202290849385527,24.0,5.3
ΜέΡΑ25,4.6319531921290205,4.92780614871658,14.0,3.4
ΝΔ,35.28125,37.53474041573693,114.0,39.8
ΣΥΡΙΖΑ,29.747792207792216,31.64784860119079,96.0,31.5
ΧΑ,0.0,0.0,0.0,2.9
