party,pct,pct_adj,proj_seats,last_election
ΕΛ,4.280740521404377,4.749579860634224,14.0,3.7
ΚΙΝΑΛ,10.944035821561581,12.142658933014594,36.0,8.1
ΚΚΕ,6.325258357766134,7.0180193261278045,21.0,5.3
ΜέΡΑ25,3.410825996739935,3.7843897291230673,11.0,3.4
ΝΔ,35.565972184207155,39.46126245338711,119.0,39.8
ΣΥΡΙΖΑ,29.6019921304927,32.844089697713194,99.0,31.5
ΧΑ,0.0,0.0,0.0,2.9
