party,pct,pct_adj,proj_seats,last_election
ΕΛ,10.424625132301287,12.053475299943148,36.0,4.4
ΚΚΕ,8.53602190207951,9.869777363761752,29.0,7.7
ΜέΡΑ25,0.0,0.0,0.0,
ΝΔ,33.974169882474776,39.28264204394288,119.0,40.6
Νίκη,4.325181141010939,5.000991727694534,15.0,3.7
ΠΑΣΟΚ,13.566223459071994,15.68594911588305,47.0,11.8
ΠΕ,2.5422621408409696,2.9394912077613102,8.0,3.2
ΣΥΡΙΖΑ,13.117984957213698,15.167673241013313,46.0,17.8
Σπαρτιάτες,0.0,0.0,0.0,4.6
