party,pct,pct_adj,proj_seats,last_election
ΕΛ,10.020153582872378,11.639573889328592,35.0,4.4
ΚΚΕ,10.162179898602169,11.804553974962381,35.0,7.7
ΜέΡΑ25,3.0813028280706667,3.5792916392050547,10.0,
ΝΔ,28.54460572658475,33.15787974190843,101.0,40.6
Νίκη,3.86603481888987,4.490849123321152,13.0,3.7
ΠΑΣΟΚ,15.766111665938212,18.314172548889022,55.0,11.8
ΠΕ,4.4123041939434025,5.125404542240216,15.0,3.2
ΣΥΡΙΖΑ,10.234252375580509,11.88827454014516,36.0,17.8
Σπαρτιάτες,0.0,0.0,0.0,4.6
