party,pct,pct_adj,proj_seats,last_election
ΕΛ,3.843695059596887,4.189259020090967,12.0,3.7
ΚΙΝΑΛ,10.630875,11.586634291920204,35.0,8.1
ΚΚΕ,7.704242424242425,8.39688543661681,25.0,5.3
ΜέΡΑ25,3.9054257673681154,4.256539571835449,12.0,3.4
ΝΔ,35.99157894736841,39.22736960522366,118.0,39.8
ΣΥΡΙΖΑ,29.67537414965986,32.34331207431291,98.0,31.5
ΧΑ,0.0,0.0,0.0,2.9
