party,pct,pct_adj,proj_seats,last_election
ΕΛ,3.876582115698114,4.132790975446412,12.0,3.7
ΚΙΝΑΛ,10.269722222222228,10.948462860743042,33.0,8.1
ΚΚΕ,7.3933333333333335,7.881969313828045,23.0,5.3
ΜέΡΑ25,3.958614951716037,4.220245478992791,12.0,3.4
ΝΔ,36.67056776556776,39.094178067924744,118.0,39.8
ΣΥΡΙΖΑ,31.631764705882343,33.72235330306496,102.0,31.5
ΧΑ,0.0,0.0,0.0,2.9
