party,pct,pct_adj,proj_seats,last_election
ΕΛ,3.75854480618311,4.138229993759956,12.0,3.7
ΚΙΝΑΛ,9.795044773528428,10.784532355542252,32.0,8.1
ΚΚΕ,6.953556471452685,7.6559991798238665,23.0,5.3
ΜέΡΑ25,3.248078266991678,3.5761965334117622,10.0,3.4
ΝΔ,38.3244979637979,42.19600806904797,127.0,39.8
ΣΥΡΙΖΑ,28.745215236033978,31.649033868414183,96.0,31.5
ΧΑ,0.0,0.0,0.0,2.9
