party,pct,pct_adj,proj_seats,last_election
ΕΛ,6.253520908585205,6.626620708470271,20.0,4.4
ΚΚΕ,9.623742051136098,10.197917189576103,30.0,7.7
ΜέΡΑ25,2.8019794410327994,2.9691521400632284,9.0,
ΝΔ,37.92349689986928,40.186102128366755,122.0,40.6
Νίκη,2.0360614035087594,2.157537626792818,6.0,3.7
ΠΑΣΟΚ,13.49971736276783,14.305142325789685,43.0,11.8
ΠΕ,3.1549740341248365,3.343207222752788,10.0,3.2
ΣΥΡΙΖΑ,16.074547323358367,17.03359271190971,51.0,17.8
Σπαρτιάτες,3.0016428571428633,3.1807279462786426,9.0,4.6
