party,pct,pct_adj,proj_seats,last_election
ΕΛ,10.853879666630394,12.541065871879873,37.0,4.4
ΚΚΕ,8.575691419486498,9.908743628266494,30.0,7.7
ΜέΡΑ25,0.0,0.0,0.0,
ΝΔ,30.370023935276613,35.090905961841656,106.0,40.6
Νίκη,3.8748261241262574,4.477150213314886,13.0,3.7
ΠΑΣΟΚ,13.060161888650846,15.090304625961796,45.0,11.8
ΠΕ,4.573323576863544,5.284225916673788,16.0,3.2
ΣΥΡΙΖΑ,15.23880144005294,17.607603782061503,53.0,17.8
Σπαρτιάτες,0.0,0.0,0.0,4.6
