party,pct,pct_adj,proj_seats,last_election
ΕΛ,6.91170812649422,7.254649076814501,22.0,4.4
ΚΚΕ,9.823983010725676,10.311423453517843,31.0,7.7
ΜέΡΑ25,2.5717909784472117,2.6993965465690777,8.0,
ΝΔ,37.985795292588364,39.87055149147598,120.0,40.6
Νίκη,3.46937585519193,3.6415172464403547,11.0,3.7
ΠΑΣΟΚ,14.18621836777353,14.89010156414961,45.0,11.8
ΠΕ,0.0,0.0,0.0,3.2
ΣΥΡΙΖΑ,15.63185872384334,16.407470828393585,49.0,17.8
Σπαρτιάτες,4.692080959595961,4.924889792639047,14.0,4.6
