party,pct,pct_adj,proj_seats,last_election
ΕΛ,4.507689863501484,4.932654156971994,14.0,3.7
ΚΙΝΑΛ,12.587829731021994,13.774552493669102,41.0,8.1
ΚΚΕ,6.12091986028998,6.697972067204057,20.0,5.3
ΜέΡΑ25,3.3588594813394277,3.6755173237326395,11.0,3.4
ΝΔ,36.48836796265822,39.928323678488695,121.0,39.8
ΣΥΡΙΖΑ,28.321005937620175,30.99098027993351,93.0,31.5
ΧΑ,0.0,0.0,0.0,2.9
