party,pct,pct_adj,proj_seats,last_election
ΕΛ,10.279663065796925,11.830473776718062,35.0,4.4
ΚΚΕ,8.988051895426382,10.344007539159504,31.0,7.7
ΜέΡΑ25,2.569066826680012,2.9566414316438436,8.0,
ΝΔ,28.348585790824053,32.625310640897574,99.0,40.6
Νίκη,3.9311440417950316,4.524204363633209,13.0,3.7
ΠΑΣΟΚ,12.294270309203831,14.14900873364799,43.0,11.8
ΠΕ,5.166393608423263,5.945806172190611,18.0,3.2
ΣΥΡΙΖΑ,15.31421410363244,17.624547342109214,53.0,17.8
Σπαρτιάτες,0.0,0.0,0.0,4.6
