party,pct,pct_adj,proj_seats,last_election
ΕΛ,6.311110657883217,6.6210975716562395,20.0,3.7
ΚΚΕ,9.75715033301914,10.236398611636156,31.0,5.3
ΜέΡΑ25,2.626975863616892,2.75600674021888,8.0,3.4
ΝΔ,38.04818573165879,39.91702313746267,120.0,39.8
Νίκη,3.484791666666678,3.655956438202196,11.0,
ΠΑΣΟΚ,13.687815307180218,14.360128605643455,43.0,
ΠΕ,2.644744470511919,2.774648099298431,8.0,1.5
ΣΥΡΙΖΑ,15.786837083225356,16.562249395090593,50.0,31.5
Σπαρτιάτες,2.970583333333339,3.1164914007913795,9.0,
