party,pct,pct_adj,proj_seats,last_election
ΕΛ,8.85754142577482,10.57422565274421,32.0,4.4
ΚΚΕ,8.817860457857279,10.526854097962834,31.0,7.7
ΜέΡΑ25,2.9908682458545552,3.5705298128511767,10.0,
ΝΔ,30.03857673700593,35.860367277547134,109.0,40.6
Νίκη,3.1051052938733807,3.7069071963245785,11.0,3.7
ΠΑΣΟΚ,18.1044589240114,21.613292535810945,65.0,11.8
ΠΕ,4.649321896442743,5.550409137480228,16.0,3.2
ΣΥΡΙΖΑ,7.201657664840304,8.597414289278905,26.0,17.8
Σπαρτιάτες,0.0,0.0,0.0,4.6
