party,pct,pct_adj,proj_seats,last_election
ΕΛ,8.170039326956196,8.794150332267755,26.0,4.4
ΚΚΕ,9.428064309945574,10.148276105647462,30.0,7.7
ΜέΡΑ25,2.4579876698912178,2.645753859784302,8.0,
ΝΔ,36.46751896418771,39.253280330949316,119.0,40.6
Νίκη,4.1124425979738275,4.426592944305605,13.0,3.7
ΠΑΣΟΚ,14.784464797155609,15.913853141358816,48.0,11.8
ΠΕ,3.193663442100647,3.437628057411598,10.0,3.2
ΣΥΡΙΖΑ,11.840481416687501,12.74497825747502,38.0,17.8
Σπαρτιάτες,2.4484494105259667,2.63548697080013,8.0,4.6
