party,pct,pct_adj,proj_seats,last_election
ΕΛ,6.697743370244311,7.752065883297862,23.0,4.4
ΚΚΕ,8.608490394988905,9.963592363685416,30.0,7.7
ΜέΡΑ25,2.715774226792835,3.1432767077626074,9.0,
ΝΔ,32.67217941547691,37.81525707672293,114.0,40.6
Νίκη,4.026808207259538,4.660686562098279,14.0,3.7
ΠΑΣΟΚ,12.805039988048186,14.820740081893039,45.0,11.8
ΠΕ,4.370412464640977,5.058379142085169,15.0,3.2
ΣΥΡΙΖΑ,14.503015908659117,16.7860021824547,50.0,17.8
Σπαρτιάτες,0.0,0.0,0.0,4.6
