party,pct,pct_adj,proj_seats,last_election
ΕΛ,8.449927857831284,10.244052454591527,31.0,4.4
ΚΚΕ,8.64120360313783,10.475940679104042,31.0,7.7
ΜέΡΑ25,2.842216165737918,3.4456875820688904,10.0,
ΝΔ,30.440649792110204,36.90393793518868,112.0,40.6
Νίκη,3.0151801453514144,3.655376008967521,11.0,3.7
ΠΑΣΟΚ,17.83570895299104,21.622662483435846,65.0,11.8
ΠΕ,4.746142503542297,5.7538636520066255,17.0,3.2
ΣΥΡΙΖΑ,6.515154013668448,7.89847920463686,23.0,17.8
Σπαρτιάτες,0.0,0.0,0.0,4.6
