party,pct,pct_adj,proj_seats,last_election
ΕΛ,4.735822910377576,5.082941616069094,15.0,3.7
ΚΙΝΑΛ,11.790982905982908,12.655219344424667,38.0,8.1
ΚΚΕ,6.01689440993789,6.457911027194309,19.0,5.3
ΜέΡΑ25,4.628117448104583,4.967341732622079,15.0,3.4
ΝΔ,35.91594202898551,38.548450791818254,116.0,39.8
ΣΥΡΙΖΑ,30.08314935064935,32.288135487871585,97.0,31.5
ΧΑ,0.0,0.0,0.0,2.9
