party,pct,pct_adj,proj_seats,last_election
ΕΛ,3.721806119798643,4.2675524064853905,12.0,3.7
ΚΙΝΑΛ,11.381578947368414,13.05051447147208,39.0,8.1
ΚΚΕ,7.473295454545453,8.56914062013183,25.0,5.3
ΜέΡΑ25,2.0479834238685597,2.3482890584975733,7.0,3.4
ΝΔ,43.450252976190484,49.82157202239558,151.0,39.8
ΣΥΡΙΖΑ,19.136809269162196,21.942931421017555,66.0,31.5
ΧΑ,0.0,0.0,0.0,2.9
