party,pct,pct_adj,proj_seats,last_election
ΕΛ,4.626201063688223,5.130694593486542,15.0,3.7
ΚΙΝΑΛ,11.32815384615385,12.563504459165967,37.0,8.1
ΚΚΕ,7.292753623188407,8.088038343126328,24.0,5.3
ΜέΡΑ25,4.55075318737423,5.047019023452923,15.0,3.4
ΝΔ,35.232485042735036,39.07463554550743,118.0,39.8
ΣΥΡΙΖΑ,27.136802721088433,30.096108035260823,91.0,31.5
ΧΑ,0.0,0.0,0.0,2.9
