party,pct,pct_adj,proj_seats,last_election
ΕΛ,6.712170230886709,6.9169624384188655,21.0,4.4
ΚΚΕ,9.836845837376135,10.136973710313535,30.0,7.7
ΜέΡΑ25,2.689184167627969,2.771232736601212,8.0,
ΝΔ,37.883791765918716,39.039648229411014,119.0,40.6
Νίκη,3.448019015232534,3.553220075612827,10.0,3.7
ΠΑΣΟΚ,13.940867706458812,14.366211667400384,43.0,11.8
ΠΕ,3.022303035978497,3.1145152548702413,9.0,3.2
ΣΥΡΙΖΑ,15.455772763530359,15.927337356572663,48.0,17.8
Σπαρτιάτες,4.050320890795029,4.173898530799244,12.0,4.6
