party,pct,pct_adj,proj_seats,last_election
ΕΛ,8.553068241138197,9.44258738922563,28.0,4.4
ΚΚΕ,9.38902473061335,10.365483358591703,31.0,7.7
ΜέΡΑ25,0.0,0.0,0.0,
ΝΔ,36.36568757147091,40.14771929578272,122.0,40.6
Νίκη,4.104685419942104,4.531572728095736,13.0,3.7
ΠΑΣΟΚ,14.72108054362784,16.252073007959183,49.0,11.8
ΠΕ,2.8551481788594515,3.152083606488458,9.0,3.2
ΣΥΡΙΖΑ,12.1871690597925,13.454634714693148,40.0,17.8
Σπαρτιάτες,2.403845910169636,2.653845899163411,8.0,4.6
