party,pct,pct_adj,proj_seats,last_election
ΕΛ,3.7424370253912045,4.119302659732858,12.0,3.7
ΚΙΝΑΛ,9.782540435559492,10.767648075770117,32.0,8.1
ΚΚΕ,7.039033816737102,7.747868708680188,23.0,5.3
ΜέΡΑ25,3.246755021397839,3.5737051831211724,10.0,3.4
ΝΔ,38.33485759408315,42.19520055418437,128.0,39.8
ΣΥΡΙΖΑ,28.70560347534669,31.59627481851129,95.0,31.5
ΧΑ,0.0,0.0,0.0,2.9
