party,pct,pct_adj,proj_seats,last_election
ΕΛ,9.032079498769585,10.707510544041373,32.0,4.4
ΚΚΕ,9.32429620814267,11.053932815588432,33.0,7.7
ΜέΡΑ25,2.9983079579546548,3.5544875439212107,10.0,
ΝΔ,29.05566921963799,34.44543248050843,104.0,40.6
Νίκη,3.3794263953657073,4.0063026201352026,12.0,3.7
ΠΑΣΟΚ,18.566237171182483,22.010233667749603,67.0,11.8
ΠΕ,5.153114299512164,6.109005761540682,18.0,3.2
ΣΥΡΙΖΑ,6.843618299921096,8.113094566515064,24.0,17.8
Σπαρτιάτες,0.0,0.0,0.0,4.6
