party,pct,pct_adj,proj_seats,last_election
ΕΛ,9.26798704878499,10.88344342111531,33.0,4.4
ΚΚΕ,8.971636032042396,10.535436943923388,31.0,7.7
ΜέΡΑ25,2.638263061967303,3.098125473611212,9.0,
ΝΔ,29.450126610182252,34.583430578770624,105.0,40.6
Νίκη,2.8577665464544832,3.3558895103517545,10.0,3.7
ΠΑΣΟΚ,17.289245208612176,20.302846889108217,61.0,11.8
ΠΕ,7.7047210475212236,9.047692358090483,27.0,3.2
ΣΥΡΙΖΑ,6.977007598532323,8.19313482502901,24.0,17.8
Σπαρτιάτες,0.0,0.0,0.0,4.6
