party,pct,pct_adj,proj_seats,last_election
ΕΛ,4.56582999384462,5.06669346138862,15.0,3.7
ΚΙΝΑΛ,10.64895193056557,11.817123105761093,35.0,8.1
ΚΚΕ,6.98462762237233,7.750828907825635,23.0,5.3
ΜέΡΑ25,4.416945857924165,4.901476999323752,14.0,3.4
ΝΔ,34.24557699804105,38.00225617059186,115.0,39.8
ΣΥΡΙΖΑ,29.25265670036471,32.46162135510903,98.0,31.5
ΧΑ,0.0,0.0,0.0,2.9
