party,pct,pct_adj,proj_seats,last_election
ΕΛ,4.669611398203555,5.022399441130596,15.0,3.7
ΚΙΝΑΛ,11.302690058479534,12.156605634211582,36.0,8.1
ΚΚΕ,7.422142857142859,7.9828840044476825,24.0,5.3
ΜέΡΑ25,4.4828792313671055,4.8215597030056445,14.0,3.4
ΝΔ,35.80603070175439,38.51116790034806,116.0,39.8
ΣΥΡΙΖΑ,29.292352941176468,31.505383316856417,95.0,31.5
ΧΑ,0.0,0.0,0.0,2.9
