party,pct,pct_adj,proj_seats,last_election
ΕΛ,8.758728088560725,10.541599742581216,32.0,4.4
ΚΚΕ,8.904171044574788,10.716648152827052,32.0,7.7
ΜέΡΑ25,2.94207304900433,3.54094295227009,10.0,
ΝΔ,30.05969719128431,36.178460270683296,109.0,40.6
Νίκη,3.0346555822118813,3.652371004192709,11.0,3.7
ΠΑΣΟΚ,18.01548705596374,21.68260640031238,65.0,11.8
ΠΕ,4.66761120732323,5.617720815634225,17.0,3.2
ΣΥΡΙΖΑ,6.704852929318071,8.069650661499042,24.0,17.8
Σπαρτιάτες,0.0,0.0,0.0,4.6
