party,pct,pct_adj,proj_seats,last_election
ΕΛ,3.639715098989426,4.022413283164275,12.0,3.7
ΚΙΝΑΛ,9.817970281838472,10.850281684504424,32.0,8.1
ΚΚΕ,6.883334951257219,7.607083847879599,23.0,5.3
ΜέΡΑ25,4.047984950688723,4.473610706568851,13.0,3.4
ΝΔ,36.62969351362196,40.48112606075636,122.0,39.8
ΣΥΡΙΖΑ,29.467157399022405,32.5654844171265,98.0,31.5
ΧΑ,0.0,0.0,0.0,2.9
