party,pct,pct_adj,proj_seats,last_election
ΕΛ,3.795814087121313,4.539804424756316,13.0,3.7
ΚΙΝΑΛ,11.318412698412704,13.536853720999922,40.0,8.1
ΚΚΕ,7.260714285714285,8.68383489934702,26.0,5.3
ΜέΡΑ25,0.0,0.0,0.0,3.4
ΝΔ,41.25912280701755,49.34602801448431,149.0,39.8
ΣΥΡΙΖΑ,19.977777777777774,23.893478940412436,72.0,31.5
ΧΑ,0.0,0.0,0.0,2.9
