party,pct,pct_adj,proj_seats,last_election
ΕΛ,3.5976151664510008,3.938915564437081,11.0,3.7
ΚΙΝΑΛ,10.178622729042065,11.144253522676738,33.0,8.1
ΚΚΕ,7.151822231573217,7.830304965558789,23.0,5.3
ΜέΡΑ25,3.947474636426498,4.3219656817767955,13.0,3.4
ΝΔ,36.73723397130395,40.222440697203645,122.0,39.8
ΣΥΡΙΖΑ,29.72239972965204,32.542119568346955,98.0,31.5
ΧΑ,0.0,0.0,0.0,2.9
