party,pct,pct_adj,proj_seats,last_election
ΕΛ,10.309392733783797,11.951750088283372,36.0,4.4
ΚΚΕ,10.157720187528211,11.775915059498407,35.0,7.7
ΜέΡΑ25,3.0456099207752545,3.5307965832185872,10.0,
ΝΔ,28.773122286698833,33.35687908205485,101.0,40.6
Νίκη,3.9016332969445955,4.523190386219002,13.0,3.7
ΠΑΣΟΚ,15.747867088871766,18.256610911030705,55.0,11.8
ΠΕ,4.520219176773234,5.240321262378699,16.0,3.2
ΣΥΡΙΖΑ,9.802871584750749,11.364536627316381,34.0,17.8
Σπαρτιάτες,0.0,0.0,0.0,4.6
