party,pct,pct_adj,proj_seats,last_election
ΕΛ,3.8444900826447617,4.3745056788477665,13.0,3.7
ΚΙΝΑΛ,11.5940350877193,13.19243156873941,39.0,8.1
ΚΚΕ,7.658333333333332,8.714139440341327,26.0,5.3
ΜέΡΑ25,2.171475575335639,2.4708432149863118,7.0,3.4
ΝΔ,43.22708333333334,49.186528631023464,149.0,39.8
ΣΥΡΙΖΑ,19.38857142857142,22.061551466061708,66.0,31.5
ΧΑ,0.0,0.0,0.0,2.9
