party,pct,pct_adj,proj_seats,last_election
ΕΛ,10.409422391743393,12.002012150156437,36.0,4.4
ΚΚΕ,8.2269922537591,9.485681075558922,28.0,7.7
ΜέΡΑ25,0.0,0.0,0.0,
ΝΔ,34.07758086171259,39.2912809335728,119.0,40.6
Νίκη,4.746069611282458,5.472194613342048,16.0,3.7
ΠΑΣΟΚ,13.522635295162456,15.591531115444715,47.0,11.8
ΠΕ,2.5224480080299165,2.908369984536916,8.0,3.2
ΣΥΡΙΖΑ,13.225495252985217,15.24893012738817,46.0,17.8
Σπαρτιάτες,0.0,0.0,0.0,4.6
