party,pct,pct_adj,proj_seats,last_election
ΕΛ,9.812221298336366,11.288239602287902,34.0,4.4
ΚΚΕ,8.840933097020947,10.170843896874834,30.0,7.7
ΜέΡΑ25,0.0,0.0,0.0,
ΝΔ,34.53492596953366,39.72989470360465,120.0,40.6
Νίκη,4.570913112768803,5.2584996658118675,15.0,3.7
ΠΑΣΟΚ,14.114370355658865,16.237545971075896,49.0,11.8
ΠΕ,2.6695466131847665,3.0711172203398056,9.0,3.2
ΣΥΡΙΖΑ,12.381372205573047,14.243858940005047,43.0,17.8
Σπαρτιάτες,0.0,0.0,0.0,4.6
