party,pct,pct_adj,proj_seats,last_election
ΕΛ,7.743307160125622,8.301133741439253,25.0,4.4
ΚΚΕ,9.533135528212389,10.219901052417162,31.0,7.7
ΜέΡΑ25,2.4278462711195954,2.6027479193904774,7.0,
ΝΔ,37.13872938697453,39.81419737757043,120.0,40.6
Νίκη,3.998594841699552,4.286652960082059,13.0,3.7
ΠΑΣΟΚ,14.941344729315317,16.01771675979631,48.0,11.8
ΠΕ,2.9287351245245943,3.139720723868971,9.0,3.2
ΣΥΡΙΖΑ,12.01966137286693,12.885555812222362,39.0,17.8
Σπαρτιάτες,2.54876130563272,2.7323736532129628,8.0,4.6
