party,pct,pct_adj,proj_seats,last_election
ΕΛ,10.460517092936607,12.062335807103052,36.0,4.4
ΚΚΕ,10.134884508622305,11.686839113504014,35.0,7.7
ΜέΡΑ25,3.1571121453610775,3.6405606472115584,11.0,
ΝΔ,28.767808268985966,33.17302201142415,100.0,40.6
Νίκη,3.909385644595849,4.508029768091019,13.0,3.7
ΠΑΣΟΚ,15.587197797866233,17.974064996897486,54.0,11.8
ΠΕ,4.442489623843634,5.1227679460088025,15.0,3.2
ΣΥΡΙΖΑ,10.26109803137588,11.832379709759918,36.0,17.8
Σπαρτιάτες,0.0,0.0,0.0,4.6
