party,pct,pct_adj,proj_seats,last_election
ΕΛ,3.7225412533742777,4.353260107386024,13.0,3.7
ΚΙΝΑΛ,12.075922091185694,14.121973759675285,42.0,8.1
ΚΚΕ,7.20362524354287,8.424152283832633,25.0,5.3
ΜέΡΑ25,2.3680933571224076,2.769324942411948,8.0,3.4
ΝΔ,41.78066975359773,48.85966615771975,147.0,39.8
ΣΥΡΙΖΑ,18.360722651130796,21.471622748974355,65.0,31.5
ΧΑ,0.0,0.0,0.0,2.9
