party,pct,pct_adj,proj_seats,last_election
ΕΛ,6.375495866736849,6.620302895201561,20.0,4.4
ΚΚΕ,10.380314634310086,10.778899157501822,32.0,7.7
ΜέΡΑ25,2.3943690074818025,2.4863082658582067,7.0,
ΝΔ,38.73465469287138,40.22199244858102,121.0,40.6
Νίκη,3.1909389868181557,3.313465031490343,10.0,3.7
ΠΑΣΟΚ,14.343901411091856,14.894680198254248,45.0,11.8
ΠΕ,3.2512197524697384,3.3760604649609007,10.0,3.2
ΣΥΡΙΖΑ,14.31679792797372,14.866535992453219,45.0,17.8
Σπαρτιάτες,3.3144855459445686,3.441755545698678,10.0,4.6
