party,pct,pct_adj,proj_seats,last_election
ΕΛ,10.42017093215259,11.93801732048994,36.0,4.4
ΚΚΕ,8.74195230422392,10.015342234041757,30.0,7.7
ΜέΡΑ25,2.6462243038569357,3.0316845835867263,9.0,
ΝΔ,29.648247300020103,33.96693701997576,102.0,40.6
Νίκη,3.8268360238961225,4.384269224891614,13.0,3.7
ΠΑΣΟΚ,12.76384314176647,14.62307878580523,44.0,11.8
ΠΕ,5.3385032727484205,6.116132350469739,18.0,3.2
ΣΥΡΙΖΑ,13.89983014182244,15.924538480739242,48.0,17.8
Σπαρτιάτες,0.0,0.0,0.0,4.6
