party,pct,pct_adj,proj_seats,last_election
ΕΛ,3.4243136950462536,3.784673287380843,11.0,3.7
ΚΙΝΑΛ,10.170969430936285,11.241317163120401,34.0,8.1
ΚΚΕ,7.01451926860163,7.752696179120414,23.0,5.3
ΜέΡΑ25,3.804381773212373,4.204738045145992,12.0,3.4
ΝΔ,36.56701977752798,40.41517082717732,122.0,39.8
ΣΥΡΙΖΑ,29.49724518432351,32.60140449805504,98.0,31.5
ΧΑ,0.0,0.0,0.0,2.9
