party,pct,pct_adj,proj_seats,last_election
ΕΛ,9.20262537595548,10.90555704780649,33.0,4.4
ΚΚΕ,9.338417224393103,11.066476968944738,33.0,7.7
ΜέΡΑ25,2.826125902257761,3.3490961537870505,10.0,
ΝΔ,29.14784498406094,34.54160886792515,104.0,40.6
Νίκη,3.3801292186676566,4.0056169318215264,12.0,3.7
ΠΑΣΟΚ,18.67024813238741,22.125148833771075,66.0,11.8
ΠΕ,4.756550034047673,5.636742302102785,17.0,3.2
ΣΥΡΙΖΑ,7.06279376960683,8.369752893841168,25.0,17.8
Σπαρτιάτες,0.0,0.0,0.0,4.6
