party,pct,pct_adj,proj_seats,last_election
ΕΛ,3.946482117491517,4.392397135903817,13.0,3.7
ΚΙΝΑΛ,10.230843252526087,11.386831426678338,34.0,8.1
ΚΚΕ,6.805388337063791,7.574332620929831,22.0,5.3
ΜέΡΑ25,4.105859548956548,4.569782704279249,13.0,3.4
ΝΔ,35.73161524947409,39.76894860042261,120.0,39.8
ΣΥΡΙΖΑ,29.027837421666682,32.30770751178614,98.0,31.5
ΧΑ,0.0,0.0,0.0,2.9
