party,pct,pct_adj,proj_seats,last_election
ΕΛ,9.002534678100735,10.774515806982297,32.0,4.4
ΚΚΕ,9.153829288197873,10.955589940689132,33.0,7.7
ΜέΡΑ25,3.0011734881647785,3.5918985423502496,10.0,
ΝΔ,28.989151686225767,34.695125788745344,105.0,40.6
Νίκη,3.4273100666917653,4.1019121624522965,12.0,3.7
ΠΑΣΟΚ,18.558216479355004,22.21105543671113,67.0,11.8
ΠΕ,4.534447201975269,5.426968603903943,16.0,3.2
ΣΥΡΙΖΑ,6.88729758036853,8.242933718165602,25.0,17.8
Σπαρτιάτες,0.0,0.0,0.0,4.6
