party,pct,pct_adj,proj_seats,last_election
ΕΛ,10.446129831483313,12.118436443187477,36.0,4.4
ΚΚΕ,9.765898031766083,11.329307266689604,34.0,7.7
ΜέΡΑ25,3.0356797045943065,3.521657509092677,10.0,
ΝΔ,28.570339809604107,33.144126363379996,100.0,40.6
Νίκη,4.0253233548164316,4.669731855294627,14.0,3.7
ΠΑΣΟΚ,15.016545657322194,17.420523876318875,53.0,11.8
ΠΕ,4.734600289019902,5.492555962061746,16.0,3.2
ΣΥΡΙΖΑ,10.605793736486275,12.303660723974993,37.0,17.8
Σπαρτιάτες,0.0,0.0,0.0,4.6
