party,pct,pct_adj,proj_seats,last_election
ΕΛ,6.1301939365206985,6.521435359953711,19.0,4.4
ΚΚΕ,10.403008298068352,11.066949409339578,33.0,7.7
ΜέΡΑ25,2.574675579258617,2.738996602204765,8.0,
ΝΔ,38.27980572763905,40.722900650361986,124.0,40.6
Νίκη,3.192209523809523,3.395942816903428,10.0,3.7
ΠΑΣΟΚ,15.074005182933028,16.036058799128174,48.0,11.8
ΠΕ,3.2837367317400474,3.493311477075823,10.0,3.2
ΣΥΡΙΖΑ,12.025986690902736,12.793509578409568,39.0,17.8
Σπαρτιάτες,3.037063732904021,3.2308953066229664,9.0,4.6
