party,pct,pct_adj,proj_seats,last_election
ΕΛ,3.801848387998721,4.342815367189714,13.0,3.7
ΚΙΝΑΛ,11.839705882352947,13.524383773745088,41.0,8.1
ΚΚΕ,7.180620782726045,8.20235503857104,24.0,5.3
ΜέΡΑ25,2.0599852412028925,2.353101609711781,7.0,3.4
ΝΔ,42.73624338624338,48.81720562545483,147.0,39.8
ΣΥΡΙΖΑ,19.924999999999994,22.760138585327546,68.0,31.5
ΧΑ,0.0,0.0,0.0,2.9
