Date,Lower_ΑΛΛΟ,Lower_ΑΝΕΛ,Lower_Δημοκράτες,Lower_ΕΚ,Lower_ΕΛ,Lower_ΕΛΑΣ,Lower_Ελπίδα,Lower_ΚΚΕ,Lower_ΛΑΕ,Lower_ΜέΡΑ25,Lower_ΝΑ,Lower_ΝΔ,Lower_Νίκη,Lower_ΠΑΣΟΚ,Lower_ΠΕ,Lower_ΠΟΤΑΜΙ,Lower_ΣΥΡΙΖΑ,Lower_Σπαρτιάτες,Lower_ΦΛ,Lower_ΧΑ,ΑΛΛΟ,ΑΝΕΛ,Δημοκράτες,ΕΚ,ΕΛ,ΕΛΑΣ,Ελπίδα,ΚΚΕ,ΛΑΕ,ΜέΡΑ25,ΝΑ,ΝΔ,Νίκη,ΠΑΣΟΚ,ΠΕ,ΠΟΤΑΜΙ,ΣΥΡΙΖΑ,Σπαρτιάτες,ΦΛ,ΧΑ,Upper_ΑΛΛΟ,Upper_ΑΝΕΛ,Upper_Δημοκράτες,Upper_ΕΚ,Upper_ΕΛ,Upper_ΕΛΑΣ,Upper_Ελπίδα,Upper_ΚΚΕ,Upper_ΛΑΕ,Upper_ΜέΡΑ25,Upper_ΝΑ,Upper_ΝΔ,Upper_Νίκη,Upper_ΠΑΣΟΚ,Upper_ΠΕ,Upper_ΠΟΤΑΜΙ,Upper_ΣΥΡΙΖΑ,Upper_Σπαρτιάτες,Upper_ΦΛ,Upper_ΧΑ
2018-01-09,,2.26,,1.49,,,,6.74,,,,32.77,,8.77,,,22.37,,,8.19,,2.76,,2.26,,,,7.22,,,,35.27,,10.42,,,23.69,,,9.07,,3.26,,3.04,,,,7.7,,,,37.77,,12.06,,,25.01,,,9.95
2018-01-13,,2.24,,1.77,,,,6.75,,,,33.09,,8.76,,-90.61,22.41,,,8.12,,2.73,,2.26,,,,7.23,,,,35.42,,10.38,,-4.59,23.71,,,8.97,,3.22,,2.75,,,,7.71,,,,37.75,,12.01,,81.44,25.01,,,9.83
2018-01-17,,2.24,,2.01,,,,6.76,0.84,,,32.73,,8.78,,,22.45,,,8.12,,2.72,,2.42,,,,7.23,2.81,,,35.27,,10.33,,,23.73,,,8.96,,3.19,,2.84,,,,7.71,4.79,,,37.81,,11.88,,,25.02,,,9.8
2018-01-27,,2.23,,2.23,0.78,,,6.75,0.77,,,32.87,,8.82,0.72,,22.55,,,8.13,,2.68,,2.51,1.33,,,7.22,2.69,,,35.33,,10.26,1.32,,23.79,,,8.92,,3.13,,2.79,1.88,,,7.68,4.61,,,37.78,,11.71,1.92,,25.03,,,9.71
2018-02-17,,2.2,,2.35,0.9,,,6.76,0.87,,,33.16,,8.79,,,22.76,,,8.14,,2.6,,2.8,1.4,,,7.21,2.49,,,35.45,,10.08,,,23.91,,,8.84,,3.0,,3.24,1.89,,,7.65,4.12,,,37.73,,11.37,,,25.05,,,9.54
2018-02-23,,2.2,,2.34,,,,6.77,0.9,,,33.25,,8.77,0.8,,22.84,,,8.14,,2.58,,2.78,,,,7.2,2.46,,,35.48,,10.03,1.34,,23.95,,,8.82,,2.96,,3.22,,,,7.63,4.02,,,37.71,,11.29,1.89,,25.06,,,9.5
2018-03-07,,2.18,,2.22,,,,6.78,,,,33.45,,8.74,,,22.96,,,8.14,,2.53,,2.9,,,,7.2,,,,35.57,,9.94,,,24.02,,,8.77,,2.89,,3.58,,,,7.61,,,,37.7,,11.13,,,25.08,,,9.41
2018-03-12,,2.17,,2.16,1.0,,,6.78,,,,33.52,,8.72,0.83,,23.01,,,8.14,,2.52,,2.76,1.47,,,7.19,,,,35.6,,9.9,1.34,,24.05,,,8.75,,2.86,,3.36,1.93,,,7.61,,,,37.68,,11.07,1.86,,25.08,,,9.37
2018-04-03,,2.14,,2.51,1.1,,,6.79,1.05,,,33.8,,8.65,0.87,,23.22,,,8.13,,2.44,,2.85,1.54,,,7.18,2.25,,,35.71,,9.72,1.36,,24.17,,,8.67,,2.74,,3.19,1.97,,,7.57,3.45,,,37.62,,10.79,1.86,,25.11,,,9.22
2018-04-13,,2.13,,2.35,,,,6.79,1.08,,,33.93,,8.61,0.89,,23.32,,,8.12,,2.4,,2.8,,,,7.18,2.2,,,35.76,,9.64,1.37,,24.22,,,8.63,,2.68,,3.25,,,,7.56,3.32,,,37.6,,10.67,1.85,,25.13,,,9.15
2018-04-16,,2.12,,2.19,1.16,,,6.79,,,,33.97,,8.6,,,23.35,,,8.11,,2.39,,2.72,1.58,,,7.17,,,,35.78,,9.62,,,24.24,,,8.62,,2.66,,3.26,1.99,,,7.55,,,,37.59,,10.63,,,25.13,,,9.13
2018-04-30,,2.09,,2.15,,,,6.8,,,,34.13,,8.55,,,23.48,,,8.09,,2.34,,3.02,,,,7.17,,,,35.85,,9.51,,,24.32,,,8.57,,2.59,,3.89,,,,7.53,,,,37.56,,10.46,,,25.16,,,9.05
2018-05-14,,2.06,,2.0,1.29,,,6.8,1.13,,,34.29,,8.5,0.94,,23.6,,,8.06,,2.29,,2.77,1.67,,,7.16,2.05,,,35.92,,9.4,1.38,,24.4,,,8.52,,2.52,,3.53,2.04,,,7.52,2.96,,,37.54,,10.29,1.82,,25.19,,,8.98
2018-05-18,,2.05,,1.88,1.31,,,6.8,1.14,,,34.34,,8.48,,,23.64,,,8.04,,2.27,,2.74,1.68,,,7.16,2.03,,,35.94,,9.37,,,24.42,,,8.5,,2.5,,3.6,2.04,,,7.51,2.91,,,37.53,,10.25,,,25.2,,,8.96
2018-05-30,,2.01,,2.49,,,,6.8,,,,34.47,,8.44,,,23.74,,,8.01,,2.23,,3.14,,,,7.15,,,,35.99,,9.27,,,24.48,,,8.45,,2.45,,3.79,,,,7.5,,,,37.52,,10.11,,,25.23,,,8.9
2018-06-14,,1.96,,2.79,1.43,,,6.8,1.17,,,34.63,,8.37,,,23.86,,,7.96,,2.17,,3.28,1.76,,,7.14,1.91,,,36.07,,9.15,,,24.56,,,8.39,,2.39,,3.77,2.1,,,7.48,2.65,,,37.5,,9.94,,,25.27,,,8.83
2018-06-25,,1.91,,2.78,1.47,,,6.79,1.18,,,34.74,,8.32,1.0,,23.94,,,7.92,,2.13,,3.33,1.79,,,7.13,1.87,,,36.12,,9.07,1.39,,24.62,,,8.35,,2.35,,3.87,2.12,,,7.47,2.57,,,37.5,,9.82,1.78,,25.31,,,8.79
2018-06-27,,1.9,,2.86,1.47,,,6.79,,,,34.76,,8.31,1.01,,23.95,,,7.91,,2.12,,3.25,1.8,,,7.13,,,,36.13,,9.05,1.39,,24.63,,,8.34,,2.35,,3.63,2.12,,,7.47,,,,37.5,,9.8,1.78,,25.32,,,8.78
2018-09-08,,1.58,,2.67,1.77,,,6.74,1.31,,,35.41,,7.89,,-1.57,24.34,,,7.66,,1.86,,3.03,2.04,,,7.08,1.67,,,36.5,,8.51,,1.61,25.01,,,8.16,,2.14,,3.38,2.3,,,7.42,2.02,,,37.58,,9.13,,4.79,25.68,,,8.66
2018-09-17,,1.53,,2.35,1.81,,,6.73,1.27,,,35.46,,7.83,,1.22,24.37,,,7.62,,1.83,,2.85,2.07,,,7.07,1.64,,,36.54,,8.44,,1.8,25.06,,,8.14,,2.12,,3.36,2.32,,,7.42,2.01,,,37.62,,9.06,,2.39,25.74,,,8.67
2018-09-18,,1.53,,2.51,1.81,,,6.72,1.26,,,35.46,,7.82,,0.81,24.38,,,7.62,,1.83,,2.95,2.07,,,7.07,1.63,,,36.54,,8.43,,1.62,25.06,,,8.14,,2.12,,3.38,2.33,,,7.41,2.01,,,37.63,,9.05,,2.44,25.75,,,8.67
2018-09-19,,1.52,,2.32,1.81,,,6.72,1.26,,,35.47,,7.81,1.11,1.26,24.39,,,7.61,,1.82,,2.93,2.07,,,7.07,1.63,,,36.55,,8.43,1.42,2.14,25.07,,,8.14,,2.12,,3.53,2.33,,,7.41,2.0,,,37.63,,9.04,1.73,3.02,25.76,,,8.67
2018-10-15,,1.43,,1.68,1.9,,,6.67,1.11,,,35.56,,7.65,,1.87,24.55,,,7.49,,1.75,,2.51,2.15,,,7.02,1.59,,,36.67,,8.24,,2.17,25.26,,,8.1,,2.08,,3.34,2.4,,,7.37,2.07,,,37.78,,8.83,,2.48,25.96,,,8.71
2018-10-23,,1.4,,1.71,1.93,,,6.65,1.04,,,35.58,,7.59,,1.96,24.6,,,7.48,,1.73,,2.52,2.18,,,7.01,1.58,,,36.71,,8.18,,2.21,25.32,,,8.09,,2.07,,3.32,2.43,,,7.36,2.12,,,37.83,,8.77,,2.46,26.03,,,8.71
2018-11-11,,1.35,,1.46,,,,6.61,,,,35.62,,7.46,,1.73,24.73,,,7.44,,1.68,,2.42,,,,6.97,,,,36.76,,8.05,,2.08,25.46,,,8.07,,2.01,,3.37,,,,7.33,,,,37.9,,8.64,,2.42,26.2,,,8.7
2018-11-19,,1.32,,1.82,2.02,,,6.59,0.77,,,35.62,,7.4,,1.62,24.78,,,7.45,,1.65,,2.66,2.26,,,6.95,1.54,,,36.77,,7.99,,2.12,25.53,,,8.07,,1.98,,3.5,2.51,,,7.31,2.31,,,37.92,,8.59,,2.61,26.27,,,8.69
2018-11-20,,1.32,,1.82,2.02,,,6.58,,,,35.62,,7.39,,1.63,24.78,,,7.45,,1.65,,2.71,2.27,,,6.95,,,,36.77,,7.99,,2.19,25.53,,,8.07,,1.98,,3.61,2.51,,,7.31,,,,37.92,,8.59,,2.74,26.28,,,8.69
2018-11-21,,1.31,,1.86,2.02,,,6.58,,,,35.63,,7.38,,1.61,24.79,,,7.45,,1.65,,2.93,2.27,,,6.94,,,,36.78,,7.98,,2.19,25.54,,,8.07,,1.98,,4.0,2.51,,,7.31,,,,37.93,,8.58,,2.77,26.29,,,8.69
2018-12-02,,1.28,,2.15,2.06,,,6.54,,,,35.69,,7.31,,1.54,24.88,,,7.47,,1.61,,2.69,2.3,,,6.91,,,,36.8,,7.91,,1.85,25.63,,,8.07,,1.93,,3.23,2.54,,,7.28,,,,37.92,,8.52,,2.16,26.38,,,8.66
2018-12-05,,1.28,,2.08,2.07,,,6.52,0.64,,,35.7,,7.3,,1.54,24.9,,,7.48,,1.6,,2.64,2.31,,,6.9,1.54,,,36.81,,7.9,,1.82,25.65,,,8.07,,1.92,,3.19,2.55,,,7.28,2.45,,,37.92,,8.5,,2.09,26.4,,,8.66
2018-12-07,,1.27,,1.96,2.08,,,6.51,0.62,,,35.72,,7.29,,1.37,24.91,,,7.48,,1.59,,2.46,2.32,,,6.89,1.54,,,36.82,,7.89,,1.71,25.66,,,8.07,,1.91,,2.96,2.55,,,7.27,2.46,,,37.92,,8.49,,2.06,26.41,,,8.65
2018-12-17,,1.24,,1.67,2.13,,,6.47,,,,35.77,,7.27,,1.19,24.99,,,7.5,,1.56,,2.23,2.35,,,6.85,,,,36.85,,7.85,,1.57,25.73,,,8.07,,1.88,,2.79,2.58,,,7.24,,,,37.93,,8.43,,1.95,26.47,,,8.64
2019-01-13,,1.19,,1.55,2.24,,,6.33,0.88,,,35.9,,7.22,1.14,0.33,25.21,,,7.47,,1.48,,2.23,2.45,,,6.74,1.4,,,36.93,,7.76,1.45,1.31,25.93,,,8.06,,1.78,,2.92,2.67,,,7.14,1.92,,,37.97,,8.3,1.76,2.29,26.65,,,8.66
2019-01-15,,1.18,,1.62,2.25,,,6.32,0.89,,,35.91,,7.21,,0.3,25.23,,,7.47,,1.48,,2.34,2.46,,,6.73,1.39,,,36.94,,7.75,,1.42,25.95,,,8.06,,1.78,,3.07,2.67,,,7.14,1.89,,,37.97,,8.29,,2.54,26.67,,,8.66
2019-01-21,,1.16,,1.55,2.27,,,6.29,0.88,,,35.92,,7.2,1.14,0.48,25.28,,,7.45,,1.46,,2.27,2.49,,,6.7,1.36,,,36.96,,7.73,1.45,1.09,25.99,,,8.06,,1.76,,3.0,2.7,,,7.12,1.83,,,37.99,,8.27,1.76,1.69,26.71,,,8.67
2019-01-22,,1.16,,1.7,2.28,,,6.28,,,,35.93,,7.19,,,25.28,,,7.44,,1.46,,2.46,2.49,,,6.7,,,,36.96,,7.73,,,26.0,,,8.05,,1.76,,3.23,2.7,,,7.11,,,,38.0,,8.26,,,26.71,,,8.66
2019-01-28,,1.14,,1.47,2.3,,,6.24,0.88,,,35.95,,7.17,1.15,0.3,25.33,,,7.42,,1.44,,2.28,2.52,,,6.67,1.33,,,36.98,,7.71,1.45,0.86,26.04,,,8.04,,1.74,,3.08,2.73,,,7.09,1.78,,,38.01,,8.24,1.76,1.41,26.75,,,8.66
2019-02-01,,1.13,,1.28,2.32,,,6.23,0.88,,,35.97,,7.16,,,25.36,,,7.4,,1.43,,2.29,2.53,,,6.64,1.31,,,37.0,,7.69,,,26.07,,,8.02,,1.73,,3.3,2.75,,,7.06,1.75,,,38.02,,8.23,,,26.78,,,8.64
2019-02-02,,,,0.97,2.32,,,6.22,0.88,,,35.98,,7.16,1.15,0.1,25.37,,,7.4,,,,2.12,2.54,,,6.64,1.31,,,37.0,,7.69,1.45,0.82,26.08,,,8.02,,,,3.28,2.75,,,7.06,1.74,,,38.03,,8.22,1.75,1.54,26.79,,,8.64
2019-02-04,,1.12,,1.6,2.33,,,6.21,0.89,,,35.99,,7.15,1.15,0.54,25.39,,,7.39,,1.42,,2.51,2.55,,,6.63,1.31,,,37.01,,7.68,1.45,1.17,26.1,,,8.01,,1.72,,3.42,2.76,,,7.05,1.73,,,38.04,,8.22,1.75,1.8,26.81,,,8.62
2019-02-07,,1.11,,1.74,2.34,,,6.2,,,,36.0,,7.15,,0.59,25.42,,,7.38,,1.41,,2.51,2.56,,,6.61,,,,37.03,,7.68,,1.15,26.12,,,7.99,,1.71,,3.28,2.78,,,7.02,,,,38.05,,8.2,,1.71,26.82,,,8.6
2019-02-20,,1.05,,1.12,2.42,,,6.13,0.91,,,36.06,,7.14,,0.66,25.57,,,7.29,,1.37,,2.57,2.63,,,6.53,1.29,,,37.11,,7.64,,1.42,26.24,,,7.9,,1.68,,4.02,2.84,,,6.94,1.67,,,38.15,,8.15,,2.18,26.9,,,8.51
2019-02-25,,1.03,,1.14,2.45,,,6.1,0.92,,,36.09,,7.13,1.2,0.61,25.63,,,7.23,,1.35,,2.26,2.66,,,6.5,1.29,,,37.14,,7.63,1.46,1.3,26.28,,,7.85,,1.67,,3.39,2.86,,,6.9,1.65,,,38.19,,8.13,1.73,1.98,26.93,,,8.48
2019-03-19,,0.93,,0.34,2.57,,,5.97,0.93,,,36.23,,7.12,,0.63,25.84,,,6.87,,1.28,,1.69,2.77,,,6.37,1.3,,,37.33,,7.59,,1.32,26.47,,,7.57,,1.64,,3.04,2.98,,,6.76,1.67,,,38.43,,8.05,,2.0,27.09,,,8.27
2019-03-25,,0.9,,1.29,2.6,,,5.93,,,,36.33,,7.14,1.25,0.82,25.93,,,6.73,,1.26,,2.25,2.81,,,6.33,,,,37.4,,7.58,1.47,1.49,26.53,,,7.47,,1.63,,3.21,3.01,,,6.73,,,,38.46,,8.02,1.7,2.16,27.13,,,8.22
2019-03-27,,0.89,,1.67,2.62,,,5.91,,,,36.36,,7.15,,,25.96,,,6.68,,1.26,,2.8,2.82,,,6.31,,,,37.42,,7.58,,,26.55,,,7.44,,1.63,,3.93,3.02,,,6.72,,,,38.48,,8.01,,,27.14,,,8.2
2019-03-29,,,,1.81,2.63,,,5.9,0.9,,,36.39,,7.15,1.26,0.89,25.99,,,6.64,,,,2.78,2.83,,,6.3,1.32,,,37.44,,7.57,1.48,1.46,26.57,,,7.4,,,,3.76,3.03,,,6.7,1.74,,,38.5,,8.0,1.7,2.02,27.15,,,8.16
2019-04-02,,0.86,,1.83,2.65,,,5.88,,,,36.45,,7.16,,0.95,26.05,,,6.56,,1.24,,2.56,2.85,,,6.28,,,,37.49,,7.57,,1.51,26.61,,,7.31,,1.62,,3.28,3.06,,,6.68,,,,38.53,,7.98,,2.08,27.17,,,8.07
2019-04-16,,0.76,,1.83,2.73,,,5.78,0.76,,,36.66,,7.18,1.29,0.85,26.24,,,6.11,,1.18,,2.29,2.93,,,6.19,1.33,,,37.67,,7.55,1.49,1.63,26.76,,,6.93,,1.61,,2.75,3.13,,,6.6,1.9,,,38.68,,7.92,1.68,2.4,27.29,,,7.75
2019-05-07,,0.79,,0.35,2.88,,,5.64,0.56,,,36.99,,7.21,1.32,0.58,26.45,,,5.43,,1.19,,1.76,3.06,,,6.07,1.37,,,38.0,,7.53,1.5,1.6,27.01,,,6.17,,1.59,,3.18,3.24,,,6.49,2.17,,,39.0,,7.85,1.67,2.62,27.56,,,6.91
2019-05-31,,,,1.12,3.02,,,5.5,,2.95,,37.44,,7.22,1.33,0.62,26.63,,,4.61,,,,1.64,3.21,,,5.94,,3.44,,38.49,,7.5,1.51,1.5,27.26,,,5.18,,,,2.15,3.39,,,6.38,,3.93,,39.54,,7.79,1.68,2.39,27.88,,,5.74
2019-06-04,,,,,3.05,,,5.48,,2.98,,37.55,,7.22,,,26.65,,,4.44,,,,,3.23,,,5.92,,3.45,,38.59,,7.5,,,27.3,,,5.0,,,,,3.42,,,6.37,,3.93,,39.64,,7.78,,,27.94,,,5.55
2019-06-11,,,,0.72,3.09,,,5.45,,3.01,,37.72,,7.21,,,26.68,,,4.19,,,,1.66,3.28,,,5.9,,3.47,,38.77,,7.49,,,27.36,,,4.69,,,,2.6,3.47,,,6.35,,3.92,,39.83,,7.77,,,28.04,,,5.2
2019-06-16,,,,0.65,3.12,,,5.43,,3.03,,37.88,,7.2,1.33,,26.7,,,3.99,,,,1.93,3.31,,,5.88,,3.47,,38.93,,7.48,1.51,,27.4,,,4.48,,,,3.21,3.5,,,6.33,,3.9,,39.98,,7.77,1.69,,28.11,,,4.96
2019-06-18,,,,0.87,3.14,,,5.42,,3.04,,37.95,,7.19,1.33,,26.71,,,3.9,,,,1.84,3.33,,,5.87,,3.47,,39.0,,7.48,1.51,,27.42,,,4.39,,,,2.8,3.52,,,6.32,,3.9,,40.04,,7.76,1.7,,28.13,,,4.87
2019-06-19,,,,0.67,3.14,,,5.42,,3.05,,37.98,,7.19,1.33,0.28,26.71,,,3.86,,,,1.5,3.33,,,5.87,,3.47,,39.03,,7.48,1.51,1.39,27.43,,,4.34,,,,2.33,3.52,,,6.32,,3.9,,40.08,,7.76,1.7,2.5,28.14,,,4.83
2019-06-21,,,,1.11,3.16,,,5.41,,3.06,,38.05,,7.19,1.33,,26.72,,,3.77,,,,1.62,3.35,,,5.86,,3.47,,39.1,,7.47,1.51,,27.44,,,4.26,,,,2.12,3.54,,,6.31,,3.89,,40.15,,7.76,1.7,,28.16,,,4.75
2019-06-25,,,,1.19,3.18,,,5.4,,3.07,,38.18,,7.18,1.32,,26.74,,,3.58,,,,1.79,3.38,,,5.85,,3.48,,39.24,,7.47,1.51,,27.47,,,4.09,,,,2.4,3.57,,,6.3,,3.89,,40.3,,7.76,1.7,,28.2,,,4.6
2019-06-29,,,,1.51,3.21,,,5.4,,3.08,,38.31,,7.17,1.32,,26.77,,,3.4,,,,1.88,3.41,,,5.84,,3.49,,39.38,,7.46,1.51,,27.49,,,3.94,,,,2.25,3.6,,,6.29,,3.89,,40.45,,7.75,1.71,,28.21,,,4.47
2019-06-30,,,,1.41,3.22,,,5.4,,3.09,,38.34,,7.16,1.32,,26.77,,,3.36,,,,1.82,3.41,,,5.84,,3.49,,39.42,,7.45,1.51,,27.49,,,3.9,,,,2.23,3.61,,,6.28,,3.89,,40.49,,7.75,1.71,,28.21,,,4.45
2019-07-02,,,,1.26,3.23,,,5.4,,3.09,,38.41,,7.16,1.32,,26.79,,,3.28,,,,1.86,3.43,,,5.84,,3.49,,39.49,,7.45,1.51,,27.5,,,3.84,,,,2.46,3.62,,,6.28,,3.89,,40.57,,7.74,1.71,,28.22,,,4.39
2019-07-03,,,,0.89,3.24,,,5.4,,3.1,,38.44,,7.16,1.31,,26.79,,,3.25,,,,1.5,3.43,,,5.83,,3.49,,39.52,,7.45,1.51,,27.51,,,3.81,,,,2.1,3.63,,,6.27,,3.89,,40.61,,7.74,1.71,,28.22,,,4.37
2019-09-03,,,,,3.77,,,5.52,,3.25,,39.89,,6.91,1.32,,27.0,,,1.99,,,,,3.95,,,5.81,,3.56,,41.6,,7.26,1.48,,27.58,,,2.79,,,,,4.12,,,6.1,,3.87,,43.3,,7.61,1.65,,28.17,,,3.59
2019-09-15,,,,,3.87,,,5.54,,3.27,,40.16,,6.85,,,27.01,,,,,,,,4.04,,,5.81,,3.57,,41.98,,7.22,,,27.57,,,,,,,,4.22,,,6.09,,3.88,,43.8,,7.58,,,28.14,,,
2019-09-17,,,,,3.88,,,5.54,,3.27,,40.21,,6.85,,,27.01,,,1.79,,,,,4.06,,,5.82,,3.57,,42.04,,7.21,,,27.57,,,2.64,,,,,4.24,,,6.09,,3.88,,43.88,,7.58,,,28.14,,,3.48
2019-10-22,,,,,4.1,,,5.59,,3.3,,41.15,,6.74,,,26.85,,,1.59,,,,,4.3,,,5.84,,3.61,,43.07,,7.08,,,27.45,,,2.36,,,,,4.51,,,6.09,,3.91,,44.99,,7.43,,,28.04,,,3.12
2019-10-30,,,,,4.13,,,5.6,,3.3,,41.37,,6.71,1.32,,26.81,,,1.54,,,,,4.35,,,5.85,,3.61,,43.31,,7.06,1.46,,27.41,,,2.3,,,,,4.58,,,6.1,,3.93,,45.25,,7.4,1.61,,28.01,,,3.06
2019-11-12,,,,-55.89,4.16,,,5.62,,3.3,,41.75,,6.67,1.33,,26.75,,,1.48,,,,-6.83,4.43,,,5.86,,3.63,,43.7,,7.01,1.46,,27.34,,,2.22,,,,42.23,4.69,,,6.11,,3.95,,45.64,,7.35,1.6,,27.93,,,2.96
2019-11-19,,,,,4.17,,,5.62,,3.31,,41.95,,6.64,,,26.71,,,1.45,,,,,4.46,,,5.87,,3.63,,43.91,,6.98,,,27.3,,,2.18,,,,,4.76,,,6.11,,3.96,,45.86,,7.32,,,27.89,,,2.91
2019-11-26,,,,,4.2,,,5.63,,3.32,,42.15,,6.62,,,26.66,,,,,,,,4.5,,,5.87,,3.64,,44.1,,6.96,,,27.26,,,,,,,,4.81,,,6.12,,3.95,,46.04,,7.3,,,27.86,,,
2019-12-01,,,,,4.21,,,5.63,,3.32,,42.28,,6.61,,,26.62,,,1.46,,,,,4.53,,,5.88,,3.63,,44.23,,6.94,,,27.23,,,2.14,,,,,4.85,,,6.13,,3.94,,46.18,,7.28,,,27.83,,,2.82
2019-12-17,,,,,4.27,,,5.64,,3.34,,42.68,,6.55,,,26.51,,,1.46,,,,,4.6,,,5.89,,3.6,,44.66,,6.9,,,27.1,,,2.08,,,,,4.93,,,6.14,,3.86,,46.63,,7.25,,,27.69,,,2.7
2020-01-07,,,,,4.33,,,5.65,,3.32,,43.24,,6.5,,,26.37,,,,,,,,4.65,,,5.9,,3.55,,45.2,,6.85,,,26.93,,,,,,,,4.96,,,6.15,,3.77,,47.16,,7.2,,,27.49,,,
2020-01-15,,,,,4.35,,,5.65,,3.31,,43.46,,6.48,,,26.32,,,1.46,,,,,4.66,,,5.9,,3.53,,45.38,,6.83,,,26.87,,,2.0,,,,,4.96,,,6.16,,3.75,,47.29,,7.18,,,27.41,,,2.53
2020-01-21,,,,,4.37,,,5.66,,3.3,,43.62,,6.48,,,26.29,,,1.46,,,,,4.66,,,5.91,,3.51,,45.51,,6.82,,,26.82,,,1.98,,,,,4.95,,,6.16,,3.73,,47.4,,7.17,,,27.35,,,2.5
2020-01-24,,,,,4.38,,,5.66,,3.29,,43.7,,6.47,,,26.27,,,,,,,,4.66,,,5.91,,3.5,,45.57,,6.82,,,26.79,,,,,,,,4.95,,,6.16,,3.72,,47.44,,7.16,,,27.31,,,
2020-03-03,,,,,4.45,,,5.67,,3.18,,44.71,,6.47,,,25.99,,,1.47,,,,,4.7,,,5.91,,3.38,,46.38,,6.77,,,26.47,,,1.88,,,,,4.95,,,6.15,,3.58,,48.05,,7.06,,,26.94,,,2.29
2020-03-04,,,,,4.45,,,5.67,,3.17,,44.73,,6.47,1.34,,25.98,,,1.47,,,,,4.7,,,5.91,,3.37,,46.4,,6.76,1.45,,26.46,,,1.88,,,,,4.95,,,6.15,,3.57,,48.07,,7.06,1.55,,26.93,,,2.28
2020-03-06,,,,,4.45,,,5.67,,3.17,,44.78,,6.47,,,25.97,,,,,,,,4.7,,,5.91,,3.37,,46.44,,6.76,,,26.44,,,,,,,,4.95,,,6.15,,3.57,,48.1,,7.06,,,26.92,,,
2020-03-24,,,,,4.47,,,5.67,,3.1,,45.12,,6.48,,,25.83,,,,,,,,4.71,,,5.91,,3.31,,46.76,,6.75,,,26.3,,,,,,,,4.95,,,6.15,,3.51,,48.4,,7.03,,,26.78,,,
2020-03-31,,,,,4.48,,,5.68,,3.08,,45.23,,6.49,,,25.76,,,1.45,,,,,4.71,,,5.91,,3.28,,46.89,,6.75,,,26.24,,,1.81,,,,,4.95,,,6.14,,3.49,,48.54,,7.02,,,26.73,,,2.17
2020-04-12,,,,,4.48,,,5.67,,3.03,,45.43,,6.5,,,25.64,,,1.44,,,,,4.7,,,5.91,,3.25,,47.09,,6.75,,,26.14,,,1.78,,,,,4.93,,,6.15,,3.46,,48.75,,7.0,,,26.64,,,2.12
2020-04-16,,,,,4.48,,,5.67,,3.02,,45.5,,6.5,,,25.6,,,1.44,,,,,4.7,,,5.91,,3.23,,47.16,,6.75,,,26.1,,,1.77,,,,,4.92,,,6.15,,3.45,,48.81,,7.0,,,26.61,,,2.11
2020-04-18,,,,,4.47,,,5.67,,3.01,,45.53,,6.5,,,25.58,,,,,,,,4.7,,,5.91,,3.23,,47.19,,6.75,,,26.09,,,,,,,,4.92,,,6.15,,3.44,,48.85,,6.99,,,26.59,,,
2020-04-25,,,,,4.46,,,5.68,,2.99,,45.64,,6.52,,,25.52,,,1.43,,,,,4.68,,,5.91,,3.21,,47.31,,6.75,,,26.03,,,1.75,,,,,4.91,,,6.15,,3.43,,48.97,,6.98,,,26.53,,,2.08
2020-04-26,,,,,4.45,,,5.68,,2.98,,45.66,,6.52,,,25.51,,,1.43,,,,,4.68,,,5.91,,3.21,,47.32,,6.75,,,26.02,,,1.75,,,,,4.91,,,6.15,,3.43,,48.99,,6.98,,,26.53,,,2.08
2020-05-04,,,,,4.42,,,5.68,,2.96,,45.78,,6.55,,,25.43,,,,,,,,4.66,,,5.91,,3.19,,47.45,,6.76,,,25.95,,,,,,,,4.89,,,6.15,,3.41,,49.12,,6.97,,,26.46,,,
2020-05-05,,,,,4.42,,,5.68,,2.96,,45.79,,6.55,,,25.42,,,1.41,,,,,4.66,,,5.91,,3.19,,47.47,,6.76,,,25.94,,,1.73,,,,,4.89,,,6.15,,3.41,,49.14,,6.97,,,26.46,,,2.05
2020-05-07,,,,,4.41,,,5.68,,2.96,,45.82,,6.56,1.35,,25.4,,,1.41,,,,,4.65,,,5.91,,3.18,,47.49,,6.76,1.45,,25.92,,,1.73,,,,,4.89,,,6.15,,3.41,,49.17,,6.97,1.54,,26.44,,,2.05
2020-05-08,,,,,4.41,,,5.68,,2.96,,45.83,,6.56,,,25.38,,,1.41,,,,,4.64,,,5.91,,3.18,,47.51,,6.76,,,25.91,,,1.73,,,,,4.88,,,6.15,,3.41,,49.19,,6.97,,,26.44,,,2.04
2020-05-10,,,,,4.39,,,5.68,,2.95,,45.86,,6.57,,,25.36,,,,,,,,4.64,,,5.92,,3.18,,47.53,,6.77,,,25.89,,,,,,,,4.88,,,6.15,,3.4,,49.21,,6.97,,,26.43,,,
2020-05-24,,,,,4.31,,,5.7,,2.94,,46.01,,6.63,,,25.23,,,1.38,,,,,4.59,,,5.92,,3.16,,47.67,,6.81,,,25.79,,,1.69,,,,,4.86,,,6.14,,3.39,,49.32,,6.99,,,26.35,,,2.0
2020-06-02,,,,,4.26,,,5.71,,2.93,,46.12,,6.67,,,25.15,,,1.37,,,,,4.55,,,5.93,,3.16,,47.7,,6.85,,,25.72,,,1.68,,,,,4.85,,,6.14,,3.39,,49.29,,7.02,,,26.3,,,1.99
2020-06-05,,,,,4.25,,,5.71,,2.93,,46.16,,6.69,1.35,,25.12,,,1.36,,,,,4.54,,,5.93,,3.16,,47.71,,6.86,1.45,,25.7,,,1.67,,,,,4.84,,,6.14,,3.39,,49.25,,7.04,1.54,,26.28,,,1.98
2020-06-06,,,,,4.24,,,5.72,,2.93,,46.18,,6.69,,,25.12,,,,,,,,4.54,,,5.93,,3.16,,47.71,,6.87,,,25.7,,,,,,,,4.84,,,6.14,,3.39,,49.24,,7.04,,,26.28,,,
2020-06-21,,,,,4.18,,,5.74,,2.94,,46.4,,6.78,,,25.05,,,1.32,,,,,4.5,,,5.95,,3.17,,47.68,,6.95,,,25.63,,,1.64,,,,,4.82,,,6.15,,3.39,,48.96,,7.13,,,26.21,,,1.96
2020-06-24,,,,,4.17,,,5.75,,2.94,,46.44,,6.79,,,25.04,,,1.32,,,,,4.49,,,5.95,,3.17,,47.67,,6.97,,,25.62,,,1.63,,,,,4.81,,,6.15,,3.39,,48.9,,7.15,,,26.2,,,1.95
2020-06-26,,,,,4.17,,,5.75,,2.95,,46.45,,6.8,,,25.03,,,,,,,,4.49,,,5.95,,3.17,,47.65,,6.98,,,25.62,,,,,,,,4.81,,,6.15,,3.39,,48.86,,7.17,,,26.2,,,
2020-07-01,,,,,4.15,,,5.76,,2.95,,46.49,,6.82,1.35,,25.02,,,,,,,,4.48,,,5.96,,3.17,,47.62,,7.02,1.45,,25.6,,,,,,,,4.8,,,6.15,,3.39,,48.75,,7.21,1.55,,26.18,,,
2020-07-02,,,,,4.15,,,5.77,,2.96,,46.5,,6.83,1.35,,25.02,,,1.3,,,,,4.48,,,5.96,,3.17,,47.61,,7.02,1.45,,25.6,,,1.62,,,,,4.8,,,6.15,,3.39,,48.73,,7.21,1.55,,26.18,,,1.94
2020-07-07,,,,,4.15,,,5.78,,2.96,,46.49,,6.86,,,25.01,,,1.29,,,,,4.47,,,5.97,,3.18,,47.57,,7.05,,,25.59,,,1.61,,,,,4.79,,,6.16,,3.4,,48.64,,7.25,,,26.18,,,1.94
2020-07-11,,,,,4.15,,,5.79,,2.97,,46.48,,6.88,,,25.0,,,1.28,,,,,4.47,,,5.98,,3.18,,47.53,,7.08,,,25.59,,,1.61,,,,,4.79,,,6.16,,3.4,,48.57,,7.29,,,26.18,,,1.93
2020-07-14,,,,,4.15,,,5.8,,2.97,,46.47,,6.89,,,25.0,,,,,,,,4.47,,,5.98,,3.19,,47.49,,7.1,,,25.59,,,,,,,,4.79,,,6.16,,3.4,,48.51,,7.31,,,26.19,,,
2020-08-31,,,,,4.2,,,5.91,,3.07,,46.05,,7.14,,,25.02,,,,,,,,4.5,,,6.07,,3.24,,46.88,,7.41,,,25.65,,,,,,,,4.8,,,6.23,,3.41,,47.7,,7.68,,,26.28,,,
2020-09-08,,,,,4.21,,,5.93,,3.09,,45.93,,7.18,,,25.02,,,,,,,,4.51,,,6.09,,3.25,,46.77,,7.46,,,25.66,,,,,,,,4.81,,,6.25,,3.42,,47.6,,7.74,,,26.31,,,
2020-09-11,,,,,4.22,,,5.93,,3.1,,45.88,,7.19,,,25.02,,,,,,,,4.52,,,6.09,,3.26,,46.72,,7.48,,,25.67,,,,,,,,4.81,,,6.26,,3.42,,47.56,,7.77,,,26.32,,,
2020-09-15,,,,,4.23,,,5.94,,3.11,,45.82,,7.21,1.38,,25.03,,,,,,,,4.52,,,6.1,,3.26,,46.66,,7.5,1.47,,25.68,,,,,,,,4.81,,,6.27,,3.42,,47.49,,7.8,1.56,,26.33,,,
2020-09-22,,,,,4.25,,,5.95,,3.12,,45.69,,7.24,,,25.03,,,,,,,,4.54,,,6.12,,3.27,,46.54,,7.54,,,25.7,,,,,,,,4.82,,,6.29,,3.43,,47.39,,7.84,,,26.37,,,
2020-09-26,,,,,4.26,,,5.95,,3.13,,45.62,,7.26,,,25.04,,,,,,,,4.55,,,6.13,,3.28,,46.48,,7.57,,,25.71,,,,,,,,4.83,,,6.3,,3.43,,47.33,,7.87,,,26.38,,,
2020-10-08,,,,,4.28,,,5.98,,3.15,,45.41,,7.32,1.38,,25.08,,,1.15,,,,,4.58,,,6.16,,3.3,,46.28,,7.64,1.47,,25.75,,,1.52,,,,,4.88,,,6.34,,3.44,,47.14,,7.96,1.56,,26.41,,,1.88
2020-10-12,,,,,4.29,,,5.98,,3.16,,45.35,,7.34,,,25.09,,,,,,,,4.6,,,6.17,,3.3,,46.21,,7.66,,,25.76,,,,,,,,4.9,,,6.35,,3.45,,47.07,,7.98,,,26.42,,,
2020-10-13,,,,,4.3,,,5.99,,3.16,,45.33,,7.35,,,25.1,,,,,,,,4.6,,,6.17,,3.3,,46.19,,7.67,,,25.76,,,,,,,,4.9,,,6.36,,3.45,,47.06,,7.99,,,26.42,,,
2020-10-18,,,,,4.31,,,6.0,,3.16,,45.24,,7.37,,,25.11,,,,,,,,4.61,,,6.18,,3.31,,46.11,,7.69,,,25.77,,,,,,,,4.92,,,6.37,,3.46,,46.99,,8.01,,,26.43,,,
2020-10-20,,,,,4.32,,,6.0,,3.17,,45.2,,7.38,,,25.11,,,,,,,,4.62,,,6.19,,3.32,,46.08,,7.7,,,25.78,,,,,,,,4.92,,,6.38,,3.47,,46.95,,8.02,,,26.44,,,
2020-10-27,,,,,4.35,,,6.01,,3.18,,45.07,,7.41,,,25.14,,,,,,,,4.65,,,6.21,,3.33,,45.96,,7.73,,,25.79,,,,,,,,4.95,,,6.4,,3.49,,46.84,,8.04,,,26.45,,,
2020-11-07,,,,,4.39,,,6.03,,3.19,,44.86,,7.46,,,25.17,,,,,,,,4.69,,,6.23,,3.35,,45.77,,7.76,,,25.83,,,,,,,,4.99,,,6.44,,3.51,,46.67,,8.07,,,26.48,,,
2020-11-08,,,,,4.4,,,6.03,,3.19,,44.85,,7.46,1.39,,25.18,,,1.11,,,,,4.7,,,6.24,,3.35,,45.75,,7.77,1.48,,25.83,,,1.5,,,,,4.99,,,6.44,,3.51,,46.65,,8.07,1.57,,26.49,,,1.88
2020-11-11,,,,,4.41,,,6.04,,3.2,,44.79,,7.48,,,25.19,,,,,,,,4.71,,,6.24,,3.36,,45.69,,7.77,,,25.84,,,,,,,,5.01,,,6.45,,3.52,,46.59,,8.07,,,26.49,,,
2020-11-18,,,,,4.44,,,6.05,,3.21,,44.68,,7.51,,,25.23,,,,,,,,4.73,,,6.26,,3.38,,45.56,,7.79,,,25.87,,,,,,,,5.02,,,6.47,,3.54,,46.44,,8.07,,,26.51,,,
2020-11-21,,,,-224.07,4.45,,,6.05,,3.21,,44.64,,7.53,,,25.24,,,,,,,-31.31,4.74,,,6.26,,3.38,,45.5,,7.8,,,25.88,,,,,,,161.44,5.03,,,6.47,,3.55,,46.37,,8.07,,,26.52,,,
2020-11-23,,,,,4.46,,,6.06,,3.22,,44.61,,7.53,,,25.25,,,,,,,,4.75,,,6.27,,3.39,,45.47,,7.8,,,25.89,,,,,,,,5.04,,,6.48,,3.55,,46.32,,8.07,,,26.53,,,
2020-11-25,,,,,4.47,,,6.06,,3.22,,44.58,,7.54,,,25.27,,,,,,,,4.76,,,6.27,,3.39,,45.43,,7.81,,,25.9,,,,,,,,5.04,,,6.48,,3.56,,46.27,,8.07,,,26.54,,,
2020-11-29,,,,,4.49,,,6.07,,3.23,,44.52,,7.56,,,25.29,,,,,,,,4.77,,,6.28,,3.4,,45.35,,7.81,,,25.92,,,,,,,,5.05,,,6.49,,3.57,,46.18,,8.07,,,26.56,,,
2020-12-04,,,,,4.51,,,6.08,,3.24,,44.45,,7.57,,,25.32,,,1.09,,,,,4.79,,,6.29,,3.41,,45.26,,7.82,,,25.95,,,1.49,,,,,5.06,,,6.5,,3.58,,46.06,,8.07,,,26.58,,,1.88
2020-12-05,,,,,4.52,,,6.08,,3.24,,44.44,,7.57,,,25.33,,,,,,,,4.79,,,6.29,,3.41,,45.24,,7.82,,,25.96,,,,,,,,5.06,,,6.5,,3.58,,46.04,,8.07,,,26.58,,,
2020-12-06,,,,,4.52,,,6.08,,3.24,,44.43,,7.58,1.4,,25.34,,,,,,,,4.79,,,6.29,,3.42,,45.22,,7.82,1.49,,25.96,,,,,,,,5.06,,,6.51,,3.59,,46.01,,8.07,1.58,,26.59,,,
2020-12-14,,,,,4.56,,,6.09,,3.26,,44.32,,7.6,,,25.39,,,,,,,,4.82,,,6.3,,3.43,,45.07,,7.83,,,26.01,,,,,,,,5.08,,,6.52,,3.61,,45.83,,8.05,,,26.62,,,
2021-01-06,,,,,4.63,,,6.11,,3.32,,43.97,,7.65,,,25.55,,,,,,,,4.88,,,6.33,,3.49,,44.65,,7.84,,,26.14,,,,,,,,5.13,,,6.56,,3.67,,45.33,,8.04,,,26.72,,,
2021-01-09,,,,,4.64,,,6.11,,3.33,,43.92,,7.65,,,25.57,,,,,,,,4.89,,,6.34,,3.5,,44.59,,7.84,,,26.15,,,,,,,,5.14,,,6.57,,3.67,,45.27,,8.04,,,26.74,,,
2021-01-16,,,,,4.65,,,6.11,,3.34,,43.8,,7.65,1.41,,25.61,,,,,,,,4.91,,,6.35,,3.52,,44.47,,7.85,1.5,,26.19,,,,,,,,5.16,,,6.58,,3.69,,45.14,,8.04,1.59,,26.77,,,
2021-01-19,,,,,4.66,,,6.12,,3.35,,43.75,,7.65,,,25.62,,,,,,,,4.91,,,6.35,,3.52,,44.42,,7.85,,,26.21,,,,,,,,5.17,,,6.59,,3.7,,45.08,,8.04,,,26.79,,,
2021-01-22,,,,,4.66,,,6.12,,3.36,,43.7,,7.65,,,25.64,,,,,,,,4.92,,,6.36,,3.53,,44.37,,7.85,,,26.23,,,,,,,,5.18,,,6.6,,3.7,,45.03,,8.05,,,26.81,,,
2021-01-26,,,,,4.66,,,6.12,,3.37,,43.63,,7.66,,,25.66,,,,,,,,4.93,,,6.36,,3.54,,44.3,,7.85,,,26.25,,,,,,,,5.19,,,6.6,,3.71,,44.97,,8.05,,,26.83,,,
2021-02-16,,,,,4.68,,,6.14,,3.42,,43.27,,7.67,1.42,,25.79,,,,,,,,4.96,,,6.39,,3.6,,43.95,,7.87,1.5,,26.35,,,,,,,,5.25,,,6.65,,3.77,,44.63,,8.07,1.59,,26.91,,,
2021-02-17,,,,,4.68,,,6.14,,3.43,,43.25,,7.67,,,25.8,,,,,,,,4.96,,,6.4,,3.6,,43.94,,7.87,,,26.36,,,,,,,,5.25,,,6.65,,3.77,,44.62,,8.07,,,26.91,,,
2021-02-18,,,,,4.68,,,6.15,,3.43,,43.24,,7.67,,,25.8,,,,,,,,4.97,,,6.4,,3.6,,43.92,,7.87,,,26.36,,,,,,,,5.25,,,6.65,,3.78,,44.61,,8.07,,,26.92,,,
2021-02-24,,,,,4.69,,,6.16,,3.44,,43.13,,7.68,,,25.84,,,,,,,,4.97,,,6.41,,3.62,,43.83,,7.88,,,26.39,,,,,,,,5.24,,,6.66,,3.8,,44.54,,8.08,,,26.94,,,
2021-02-27,,,,,4.69,,,6.17,,3.45,,43.09,,7.68,,,25.85,,,,,,,,4.97,,,6.42,,3.63,,43.79,,7.88,,,26.4,,,,,,,,5.24,,,6.66,,3.8,,44.5,,8.09,,,26.95,,,
2021-03-02,,,,,4.69,,,6.17,,3.46,,43.05,,7.68,,,25.87,,,,,,,,4.97,,,6.42,,3.64,,43.75,,7.89,,,26.42,,,,,,,,5.24,,,6.67,,3.81,,44.46,,8.09,,,26.97,,,
2021-03-04,,,,,4.7,,,6.18,,3.46,,43.02,,7.69,,,25.87,,,,,,,,4.97,,,6.42,,3.64,,43.73,,7.89,,,26.43,,,,,,,,5.24,,,6.67,,3.82,,44.43,,8.09,,,26.98,,,
2021-03-14,,,,,4.71,,,6.2,,3.49,,42.85,,7.7,1.42,,25.92,,,,,,,,4.96,,,6.44,,3.67,,43.59,,7.9,1.51,,26.47,,,,,,,,5.22,,,6.69,,3.85,,44.34,,8.1,1.6,,27.02,,,
2021-03-19,,,,,4.71,,,6.21,,3.5,,42.79,,7.7,,,25.94,,,,,,,,4.96,,,6.45,,3.68,,43.53,,7.9,,,26.49,,,,,,,,5.21,,,6.69,,3.86,,44.28,,8.1,,,27.05,,,
2021-03-20,,,,,4.71,,,6.21,,3.5,,42.77,,7.71,,,25.94,,,,,,,,4.96,,,6.45,,3.68,,43.52,,7.9,,,26.5,,,,,,,,5.21,,,6.69,,3.86,,44.27,,8.1,,,27.06,,,
2021-03-27,,,,,4.7,,,6.22,,3.52,,42.69,,7.72,,,25.97,,,,,,,,4.95,,,6.46,,3.69,,43.43,,7.91,,,26.54,,,,,,,,5.2,,,6.7,,3.87,,44.18,,8.1,,,27.1,,,
2021-04-03,,,,,4.7,,,6.23,,3.54,,42.59,,7.72,,,26.0,,,,,,,,4.94,,,6.47,,3.71,,43.35,,7.91,,,26.57,,,,,,,,5.19,,,6.71,,3.88,,44.1,,8.1,,,27.14,,,
2021-04-07,,,,,4.7,,,6.24,,3.55,,42.53,,7.73,,,26.01,,,,,,,,4.94,,,6.47,,3.72,,43.3,,7.91,,,26.59,,,,,,,,5.18,,,6.71,,3.88,,44.06,,8.1,,,27.18,,,
2021-04-14,,,,,4.69,,,6.24,,3.57,,42.43,,7.73,1.41,,26.03,,,,,,,,4.93,,,6.48,,3.73,,43.21,,7.92,1.51,,26.63,,,,,,,,5.17,,,6.72,,3.88,,43.99,,8.1,1.61,,27.23,,,
2021-04-16,,,,,4.69,,,6.25,,3.58,,42.4,,7.74,,,26.04,,,,,,,,4.93,,,6.48,,3.73,,43.19,,7.92,,,26.64,,,,,,,,5.16,,,6.72,,3.88,,43.98,,8.1,,,27.25,,,
2021-04-20,,,,,4.68,,,6.25,,3.58,,42.34,,7.74,,,26.04,,,,,,,,4.92,,,6.49,,3.73,,43.14,,7.92,,,26.66,,,,,,,,5.15,,,6.72,,3.88,,43.94,,8.1,,,27.28,,,
2021-04-21,,,,,4.68,,,6.25,,3.59,,42.32,,7.74,,,26.05,,,,,,,,4.92,,,6.49,,3.73,,43.12,,7.92,,,26.67,,,,,,,,5.15,,,6.72,,3.88,,43.93,,8.1,,,27.29,,,
2021-04-24,,,,,4.68,,,6.26,,3.59,,42.28,,7.74,,,26.06,,,,,,,,4.91,,,6.49,,3.74,,43.08,,7.92,,,26.69,,,,,,,,5.15,,,6.72,,3.89,,43.89,,8.09,,,27.31,,,
2021-05-06,,,,,4.66,,,6.26,,3.6,,42.1,,7.75,,,26.14,,,,,,,,4.89,,,6.5,,3.75,,42.93,,7.92,,,26.77,,,,,,,,5.12,,,6.73,,3.89,,43.77,,8.09,,,27.4,,,
2021-05-14,,,,,4.64,,,6.27,,3.61,,41.99,,7.75,,,26.2,,,,,,,,4.87,,,6.5,,3.75,,42.83,,7.92,,,26.82,,,,,,,,5.1,,,6.73,,3.9,,43.67,,8.08,,,27.44,,,
2021-05-19,,,,,4.64,,,6.27,,3.61,,41.9,,7.76,1.41,,26.23,,,,,,,,4.86,,,6.5,,3.76,,42.77,,7.92,1.51,,26.85,,,,,,,,5.09,,,6.73,,3.91,,43.63,,8.08,1.62,,27.48,,,
2021-05-21,,,,,4.63,,,6.27,,3.61,,41.87,,7.76,,,26.25,,,,,,,,4.86,,,6.5,,3.76,,42.74,,7.92,,,26.87,,,,,,,,5.09,,,6.73,,3.91,,43.61,,8.08,,,27.49,,,
2021-05-23,,,,,4.63,,,6.27,,3.61,,41.85,,7.76,,,26.26,,,,,,,,4.86,,,6.5,,3.76,,42.72,,7.92,,,26.88,,,,,,,,5.08,,,6.73,,3.91,,43.59,,8.08,,,27.5,,,
2021-06-01,,,,,4.61,,,6.28,,3.6,,41.77,,7.77,,,26.31,,,,,,,,4.84,,,6.5,,3.76,,42.59,,7.93,,,26.94,,,,,,,,5.06,,,6.73,,3.91,,43.42,,8.09,,,27.57,,,
2021-06-04,,,,,4.61,,,6.28,,3.6,,41.74,,7.76,,,26.32,,,,,,,,4.83,,,6.5,,3.76,,42.55,,7.93,,,26.95,,,,,,,,5.06,,,6.73,,3.91,,43.36,,8.09,,,27.58,,,
2021-06-17,,,,,4.57,,,6.28,,3.59,,41.63,,7.74,1.41,,26.38,,,,,,,,4.81,,,6.51,,3.75,,42.37,,7.94,1.52,,27.03,,,,,,,,5.04,,,6.74,,3.92,,43.1,,8.14,1.63,,27.68,,,
2021-06-20,,,,,4.56,,,6.28,,3.59,,41.6,,7.73,,,26.39,,,,,,,,4.8,,,6.51,,3.75,,42.32,,7.95,,,27.04,,,,,,,,5.04,,,6.74,,3.92,,43.04,,8.16,,,27.7,,,
2021-06-21,,,,,4.56,,,6.28,,3.59,,41.6,,7.73,,,26.39,,,,,,,,4.8,,,6.51,,3.75,,42.31,,7.95,,,27.05,,,,,,,,5.04,,,6.74,,3.92,,43.01,,8.16,,,27.71,,,
2021-06-27,,,,,4.54,,,6.28,,3.58,,41.53,,7.72,,,26.41,,,0.9,,,,,4.79,,,6.51,,3.75,,42.23,,7.96,,,27.08,,,1.46,,,,,5.03,,,6.74,,3.92,,42.93,,8.21,,,27.75,,,2.01
2021-07-02,,,,,4.54,,,6.28,,3.58,,41.47,,7.72,,,26.42,,,,,,,,4.78,,,6.51,,3.75,,42.16,,7.98,,,27.1,,,,,,,,5.02,,,6.74,,3.92,,42.85,,8.25,,,27.78,,,
2021-07-03,,,,,4.53,,,6.28,,3.58,,41.46,,7.72,,,26.42,,,,,,,,4.78,,,6.51,,3.75,,42.15,,7.99,,,27.11,,,,,,,,5.02,,,6.74,,3.92,,42.83,,8.26,,,27.79,,,
2021-07-08,,,,,4.53,,,6.28,,3.57,,41.4,,7.71,,,26.42,,,,,,,,4.77,,,6.51,,3.75,,42.08,,8.02,,,27.13,,,,,,,,5.01,,,6.74,,3.92,,42.75,,8.33,,,27.83,,,
2021-07-09,,,,,4.53,,,6.28,,3.57,,41.39,,7.71,,,26.42,,,,,,,,4.77,,,6.51,,3.74,,42.06,,8.03,,,27.13,,,,,,,,5.01,,,6.74,,3.92,,42.74,,8.34,,,27.84,,,
2021-07-14,,,,,4.54,,,6.27,,3.57,,41.32,,7.72,1.4,,26.42,,,,,,,,4.77,,,6.51,,3.74,,41.99,,8.07,1.52,,27.14,,,,,,,,5.0,,,6.74,,3.91,,42.65,,8.42,1.65,,27.86,,,
2021-08-22,,,,,4.56,,,6.23,,3.5,,40.74,,7.75,,,26.37,,,,,,,,4.78,,,6.46,,3.7,,41.3,,8.51,,,27.2,,,,,,,,5.0,,,6.69,,3.89,,41.87,,9.27,,,28.02,,,
2021-08-23,,,,,4.56,,,6.23,,3.5,,40.72,,7.75,,,26.37,,,,,,,,4.78,,,6.46,,3.7,,41.28,,8.52,,,27.2,,,,,,,,5.0,,,6.69,,3.89,,41.85,,9.29,,,28.03,,,
2021-08-25,,,,,4.56,,,6.23,,3.5,,40.69,,7.76,,,26.36,,,,,,,,4.78,,,6.46,,3.69,,41.25,,8.55,,,27.2,,,,,,,,5.0,,,6.69,,3.89,,41.81,,9.34,,,28.03,,,
2021-09-04,,,,,4.57,,,6.21,,3.47,,40.5,,7.84,,,26.33,,,,,,,,4.79,,,6.44,,3.68,,41.04,,8.72,,,27.19,,,,,,,,5.01,,,6.67,,3.89,,41.58,,9.59,,,28.05,,,
2021-09-14,,,,,4.58,,,6.18,,3.44,,40.31,,7.95,,,26.29,,,,,,,,4.81,,,6.42,,3.67,,40.83,,8.91,,,27.18,,,,,,,,5.03,,,6.66,,3.9,,41.36,,9.86,,,28.07,,,
2021-09-15,,,,,4.58,,,6.18,,3.44,,40.28,,7.97,1.37,,26.28,,,0.78,,,,,4.81,,,6.42,,3.67,,40.81,,8.93,1.53,,27.17,,,1.44,,,,,5.04,,,6.66,,3.9,,41.34,,9.89,1.7,,28.06,,,2.09
2021-09-20,,,,,4.58,,,6.17,,3.42,,40.18,,8.07,1.37,,26.27,,,0.77,,,,,4.82,,,6.41,,3.66,,40.7,,9.04,1.53,,27.16,,,1.43,,,,,5.05,,,6.65,,3.9,,41.22,,10.0,1.7,,28.05,,,2.1
2021-09-21,,,,,4.58,,,6.16,,3.42,,40.15,,8.1,,,26.26,,,,,,,,4.82,,,6.41,,3.66,,40.67,,9.06,,,27.15,,,,,,,,5.05,,,6.65,,3.89,,41.19,,10.02,,,28.04,,,
2021-09-22,,,,,4.59,,,6.16,,3.42,,40.13,,8.12,,,26.26,,,,,,,,4.82,,,6.4,,3.66,,40.65,,9.08,,,27.15,,,,,,,,5.05,,,6.65,,3.89,,41.17,,10.05,,,28.03,,,
2021-09-24,,,,,4.59,,,6.16,,3.42,,40.08,,8.16,,,26.26,,,,,,,,4.82,,,6.4,,3.65,,40.6,,9.13,,,27.14,,,,,,,,5.06,,,6.64,,3.89,,41.13,,10.09,,,28.01,,,
2021-09-28,,,,,4.6,,,6.15,,3.4,,39.98,,8.26,,,26.26,,,,,,,,4.83,,,6.39,,3.65,,40.51,,9.22,,,27.11,,,,,,,,5.07,,,6.63,,3.89,,41.04,,10.19,,,27.97,,,
2021-10-08,,,,,4.61,,,6.11,,3.37,,39.73,,8.54,,,26.23,,,,,,,,4.85,,,6.35,,3.63,,40.27,,9.49,,,27.04,,,,,,,,5.09,,,6.59,,3.88,,40.82,,10.43,,,27.85,,,
2021-10-12,,,,,4.61,,,6.1,,3.36,,39.64,,8.69,1.35,,26.22,,,,,,,,4.86,,,6.34,,3.62,,40.18,,9.61,1.54,,27.0,,,,,,,,5.1,,,6.58,,3.88,,40.72,,10.53,1.72,,27.79,,,
2021-10-13,,,,,4.61,,,6.09,,3.36,,39.61,,8.73,1.35,,26.21,,,,,,,,4.86,,,6.34,,3.62,,40.15,,9.64,1.54,,26.99,,,,,,,,5.11,,,6.58,,3.88,,40.69,,10.55,1.72,,27.78,,,
2021-10-16,,,,,4.61,,,6.08,,3.35,,39.55,,8.85,1.35,,26.19,,,,,,,,4.86,,,6.33,,3.61,,40.08,,9.74,1.54,,26.95,,,,,,,,5.11,,,6.57,,3.86,,40.61,,10.63,1.72,,27.72,,,
2021-10-23,,,,,4.62,,,6.06,,3.34,,39.38,,9.19,,,26.12,,,,,,,,4.87,,,6.3,,3.59,,39.9,,10.0,,,26.85,,,,,,,,5.12,,,6.54,,3.83,,40.42,,10.82,,,27.58,,,
2021-10-28,,,,,4.63,,,6.04,,3.33,,39.27,,9.45,,,26.06,,,,,,,,4.88,,,6.28,,3.57,,39.78,,10.21,,,26.77,,,,,,,,5.13,,,6.51,,3.81,,40.29,,10.97,,,27.49,,,
2021-11-05,,,,,4.63,,,6.01,,3.31,,39.08,,9.9,,,25.94,,,0.69,,,,,4.88,,,6.24,,3.54,,39.57,,10.56,,,26.63,,,1.42,,,,,5.13,,,6.47,,3.77,,40.06,,11.22,,,27.33,,,2.14
2021-11-10,,,,,4.63,,,5.99,,3.29,,38.97,,10.19,,,25.84,,,,,,,,4.88,,,6.22,,3.52,,39.44,,10.8,,,26.54,,,,,,,,5.13,,,6.45,,3.75,,39.92,,11.41,,,27.24,,,
2021-11-14,,,,,4.63,,,5.97,,3.27,,38.87,,10.41,,,25.76,,,0.68,,,,,4.88,,,6.2,,3.5,,39.34,,10.99,,,26.47,,,1.41,,,,,5.14,,,6.43,,3.73,,39.81,,11.57,,,27.18,,,2.14
2021-11-16,,,,,4.63,,,5.96,,3.26,,38.82,,10.51,,,25.72,,,,,,,,4.89,,,6.19,,3.49,,39.29,,11.09,,,26.43,,,,,,,,5.14,,,6.43,,3.73,,39.75,,11.66,,,27.14,,,
2021-11-17,,,,,4.63,,,5.96,,3.26,,38.8,,10.56,1.33,,25.7,,,0.67,,,,,4.89,,,6.19,,3.49,,39.26,,11.13,1.53,,26.41,,,1.41,,,,,5.14,,,6.42,,3.72,,39.72,,11.7,1.74,,27.13,,,2.14
2021-11-19,,,,,4.63,,,5.95,,3.25,,38.75,,10.66,,,25.66,,,,,,,,4.89,,,6.18,,3.48,,39.21,,11.23,,,26.38,,,,,,,,5.14,,,6.41,,3.71,,39.67,,11.79,,,27.09,,,
2021-11-22,,,,,4.64,,,5.94,,3.23,,38.67,,10.81,,,25.6,,,,,,,,4.89,,,6.17,,3.47,,39.13,,11.37,,,26.32,,,,,,,,5.14,,,6.4,,3.7,,39.58,,11.94,,,27.05,,,
2021-11-23,,,,,4.64,,,5.93,,3.23,,38.65,,10.86,,,25.58,,,,,,,,4.89,,,6.17,,3.46,,39.1,,11.42,,,26.31,,,,,,,,5.14,,,6.4,,3.7,,39.56,,11.98,,,27.03,,,
2021-12-05,,,,,4.64,,,5.88,,3.16,,38.35,,11.43,,,25.35,,,,,,,,4.9,,,6.12,,3.41,,38.78,,12.01,,,26.1,,,,,,,,5.16,,,6.37,,3.65,,39.22,,12.59,,,26.84,,,
2021-12-13,,,,,4.64,,,5.84,,3.11,,38.14,,11.76,,,25.2,,,,,,,,4.9,,,6.09,,3.37,,38.57,,12.4,,,25.96,,,,,,,,5.17,,,6.35,,3.63,,39.0,,13.04,,,26.73,,,
2021-12-14,,,,,4.64,,,5.83,,3.11,,38.12,,11.8,,,25.18,,,,,,,,4.9,,,6.09,,3.36,,38.54,,12.45,,,25.95,,,,,,,,5.17,,,6.35,,3.62,,38.97,,13.1,,,26.71,,,
2021-12-15,,,,,4.64,,,5.83,,3.1,,38.09,,11.84,1.3,,25.17,,,0.62,,,,,4.91,,,6.09,,3.36,,38.52,,12.5,1.53,,25.93,,,1.39,,,,,5.17,,,6.34,,3.62,,38.94,,13.16,1.77,,26.7,,,2.15
2022-01-11,,,,,4.67,,,5.75,,2.96,,37.41,,12.86,,,24.99,,,,,,,,4.94,,,6.03,,3.25,,37.8,,13.64,,,25.65,,,,,,,,5.21,,,6.32,,3.54,,38.19,,14.42,,,26.31,,,
2022-01-15,,,,,4.67,,,5.74,,2.94,,37.3,,12.99,,,24.95,,,,,,,,4.94,,,6.03,,3.23,,37.69,,13.79,,,25.61,,,,,,,,5.22,,,6.31,,3.53,,38.08,,14.6,,,26.27,,,
2022-01-20,,,,,4.67,,,5.73,,2.92,,37.16,,13.12,,,24.92,,,,,,,,4.95,,,6.02,,3.22,,37.56,,13.96,,,25.57,,,,,,,,5.23,,,6.31,,3.51,,37.95,,14.8,,,26.23,,,
2022-01-21,,,,,4.67,,,5.73,,2.91,,37.14,,13.15,,,24.91,,,,,,,,4.95,,,6.02,,3.21,,37.53,,13.99,,,25.56,,,,,,,,5.23,,,6.31,,3.51,,37.93,,14.83,,,26.22,,,
2022-01-27,,,,,4.68,,,5.72,,2.89,,36.99,,13.26,,,24.86,,,,,,,,4.96,,,6.02,,3.19,,37.38,,14.16,,,25.53,,,,,,,,5.25,,,6.31,,3.5,,37.78,,15.05,,,26.2,,,
2022-01-29,,,,,4.68,,,5.72,,2.88,,36.94,,13.3,,,24.85,,,,,,,,4.97,,,6.01,,3.19,,37.34,,14.21,,,25.52,,,,,,,,5.25,,,6.31,,3.5,,37.73,,15.13,,,26.19,,,
2022-02-01,,,,,4.69,,,5.72,,2.87,,36.86,,13.34,,,24.83,,,,,,,,4.98,,,6.01,,3.18,,37.27,,14.3,,,25.51,,,,,,,,5.26,,,6.31,,3.49,,37.67,,15.25,,,26.18,,,
2022-02-09,,,,,4.71,,,5.71,,2.85,,36.69,,13.43,,,24.8,,,,,,,,5.0,,,6.01,,3.16,,37.09,,14.5,,,25.49,,,,,,,,5.28,,,6.31,,3.47,,37.5,,15.56,,,26.18,,,
2022-02-10,,,,,4.71,,,5.71,,2.85,,36.67,,13.45,,,24.8,,,,,,,,5.0,,,6.01,,3.16,,37.07,,14.52,,,25.49,,,,,,,,5.28,,,6.31,,3.47,,37.48,,15.59,,,26.18,,,
2022-02-12,,,,,4.72,,,5.72,,2.85,,36.62,,13.49,,,24.79,,,,,,,,5.0,,,6.01,,3.16,,37.03,,14.57,,,25.49,,,,,,,,5.29,,,6.31,,3.47,,37.44,,15.65,,,26.18,,,
2022-02-16,,,,,4.73,,,5.73,,2.85,,36.53,,13.57,1.19,,24.81,,,,,,,,5.02,,,6.02,,3.15,,36.95,,14.66,1.52,,25.49,,,,,,,,5.3,,,6.3,,3.46,,37.37,,15.74,1.86,,26.18,,,
2022-02-26,,,,,4.77,,,5.75,,2.85,,36.35,,13.82,,,24.86,,,,,,,,5.05,,,6.03,,3.15,,36.77,,14.83,,,25.52,,,,,,,,5.32,,,6.3,,3.45,,37.19,,15.85,,,26.18,,,
2022-03-04,,,,,4.79,,,5.77,,2.85,,36.26,,13.96,,,24.9,,,,,,,,5.06,,,6.03,,3.15,,36.67,,14.93,,,25.54,,,,,,,,5.34,,,6.3,,3.45,,37.08,,15.9,,,26.19,,,
2022-03-05,,,,,4.8,,,5.78,,2.85,,36.24,,13.99,,,24.9,,,,,,,,5.07,,,6.04,,3.15,,36.65,,14.94,,,25.55,,,,,,,,5.34,,,6.3,,3.45,,37.07,,15.9,,,26.19,,,
2022-03-09,,,,,4.81,,,5.79,,2.85,,36.19,,14.07,,,24.94,,,,,,,,5.08,,,6.04,,3.15,,36.6,,15.0,,,25.57,,,,,,,,5.35,,,6.29,,3.45,,37.0,,15.93,,,26.19,,,
2022-03-10,,,,,4.81,,,5.79,,2.85,,36.18,,14.09,,,24.95,,,,,,,,5.08,,,6.04,,3.15,,36.58,,15.01,,,25.57,,,,,,,,5.35,,,6.29,,3.45,,36.98,,15.94,,,26.19,,,
2022-03-12,,,,,4.82,,,5.8,,2.85,,36.16,,14.13,,,24.97,,,,,,,,5.09,,,6.05,,3.15,,36.56,,15.03,,,25.59,,,,,,,,5.36,,,6.29,,3.45,,36.95,,15.93,,,26.2,,,
2022-03-18,,,,,4.84,,,5.82,,2.86,,36.11,,14.22,,,25.05,,,,,,,,5.11,,,6.06,,3.16,,36.5,,15.05,,,25.63,,,,,,,,5.37,,,6.3,,3.45,,36.89,,15.89,,,26.21,,,
2022-03-22,,,,,4.86,,,5.83,,2.87,,36.08,,14.29,,,25.1,,,,,,,,5.12,,,6.06,,3.16,,36.46,,15.06,,,25.66,,,,,,,,5.38,,,6.3,,3.45,,36.84,,15.84,,,26.22,,,
2022-03-23,,,,,4.86,,,5.83,,2.87,,36.07,,14.3,1.11,,25.11,,,,,,,,5.12,,,6.07,,3.16,,36.45,,15.06,1.52,,25.67,,,,,,,,5.38,,,6.3,,3.45,,36.83,,15.83,1.94,,26.23,,,
2022-03-28,,,,,4.88,,,5.84,,2.88,,36.02,,14.37,,,25.16,,,,,,,,5.13,,,6.07,,3.16,,36.4,,15.06,,,25.7,,,,,,,,5.39,,,6.3,,3.45,,36.79,,15.75,,,26.25,,,
2022-03-31,,,,,4.89,,,5.85,,2.88,,35.99,,14.4,,,25.19,,,,,,,,5.14,,,6.08,,3.17,,36.38,,15.05,,,25.73,,,,,,,,5.4,,,6.3,,3.45,,36.76,,15.7,,,26.27,,,
2022-04-02,,,,,4.9,,,5.85,,2.89,,35.97,,14.42,,,25.2,,,,,,,,5.15,,,6.08,,3.17,,36.36,,15.05,,,25.74,,,,,,,,5.4,,,6.31,,3.45,,36.75,,15.68,,,26.28,,,
2022-04-06,,,,,4.91,,,5.86,,2.9,,35.95,,14.46,,,25.24,,,,,,,,5.16,,,6.08,,3.17,,36.34,,15.04,,,25.77,,,,,,,,5.41,,,6.31,,3.45,,36.73,,15.62,,,26.31,,,
2022-04-09,,,,,4.92,,,5.86,,2.9,,35.93,,14.48,,,25.27,,,,,,,,5.16,,,6.09,,3.17,,36.32,,15.03,,,25.8,,,,,,,,5.41,,,6.32,,3.45,,36.71,,15.58,,,26.33,,,
2022-04-28,,,,,4.96,,,5.88,,2.92,,35.81,,14.57,1.0,,25.5,,,,,,,,5.21,,,6.12,,3.19,,36.21,,14.92,1.53,,25.99,,,,,,,,5.45,,,6.35,,3.45,,36.62,,15.27,2.06,,26.48,,,
2022-05-05,,,,,4.97,,,5.88,,2.92,,35.75,,14.56,,,25.58,,,,,,,,5.22,,,6.12,,3.19,,36.18,,14.86,,,26.06,,,,,,,,5.47,,,6.36,,3.46,,36.62,,15.16,,,26.54,,,
2022-05-06,,,,,4.97,,,5.88,,2.93,,35.75,,14.56,,,25.6,,,,,,,,5.22,,,6.12,,3.19,,36.18,,14.85,,,26.07,,,,,,,,5.47,,,6.36,,3.46,,36.62,,15.14,,,26.55,,,
2022-05-09,,,,,4.97,,,5.89,,2.93,,35.72,,14.53,,,25.63,,,,,,,,5.22,,,6.13,,3.2,,36.17,,14.81,,,26.11,,,,,,,,5.48,,,6.37,,3.46,,36.62,,15.09,,,26.58,,,
2022-05-10,,,,,4.97,,,5.89,,2.93,,35.72,,14.52,,,25.64,,,,,,,,5.22,,,6.13,,3.2,,36.17,,14.8,,,26.12,,,,,,,,5.48,,,6.37,,3.46,,36.62,,15.08,,,26.59,,,
2022-05-12,,,,,4.97,,,5.89,,2.93,,35.71,,14.5,0.96,,25.67,,,,,,,,5.23,,,6.13,,3.2,,36.16,,14.77,1.54,,26.14,,,,,,,,5.48,,,6.37,,3.46,,36.62,,15.04,2.12,,26.62,,,
2022-05-17,,,,,4.97,,,5.89,,2.95,,35.69,,14.45,,,25.72,,,,,,,,5.23,,,6.13,,3.2,,36.15,,14.71,,,26.2,,,,,,,,5.48,,,6.38,,3.46,,36.62,,14.97,,,26.68,,,
2022-05-19,,,,,4.97,,,5.9,,2.95,,35.69,,14.43,,,25.74,,,,,,,,5.23,,,6.14,,3.2,,36.15,,14.68,,,26.22,,,,,,,,5.48,,,6.38,,3.46,,36.62,,14.94,,,26.7,,,
2022-05-20,,,,,4.97,,,5.9,,2.95,,35.68,,14.42,,,25.75,,,,,,,,5.23,,,6.14,,3.21,,36.15,,14.67,,,26.23,,,,,,,,5.48,,,6.38,,3.46,,36.62,,14.92,,,26.71,,,
2022-05-25,,,,,4.97,,,5.9,,2.96,,35.68,,14.36,,,25.8,,,,,,,,5.23,,,6.14,,3.21,,36.15,,14.6,,,26.28,,,,,,,,5.48,,,6.38,,3.45,,36.62,,14.85,,,26.77,,,
2022-05-27,,,,,4.97,,,5.9,,2.97,,35.68,,14.34,,,25.82,,,,,,,,5.22,,,6.14,,3.21,,36.15,,14.58,,,26.3,,,,,,,,5.48,,,6.38,,3.45,,36.62,,14.82,,,26.79,,,
2022-05-29,,,,,4.97,,,5.9,,2.97,,35.68,,14.32,,,25.83,,,,,,,,5.22,,,6.14,,3.21,,36.15,,14.55,,,26.32,,,,,,,,5.47,,,6.38,,3.45,,36.62,,14.79,,,26.81,,,
2022-05-31,,,,,4.97,,,5.91,,2.98,,35.69,,14.3,,,25.85,,,,,,,,5.22,,,6.14,,3.21,,36.15,,14.53,,,26.34,,,,,,,,5.47,,,6.38,,3.44,,36.62,,14.76,,,26.83,,,
2022-06-07,,,,,4.97,,,5.92,,3.0,,35.7,,14.22,,,25.92,,,,,,,,5.21,,,6.15,,3.22,,36.16,,14.44,,,26.41,,,,,,,,5.45,,,6.38,,3.43,,36.62,,14.67,,,26.9,,,
2022-06-23,,,,,4.96,,,5.94,,3.02,,35.7,,14.04,,,26.05,,,,,,,,5.19,,,6.15,,3.23,,36.16,,14.25,,,26.58,,,,,,,,5.42,,,6.37,,3.43,,36.63,,14.46,,,27.1,,,
2022-06-26,,,,,4.95,,,5.94,,3.02,,35.7,,14.01,,,26.08,,,,,,,,5.18,,,6.15,,3.23,,36.17,,14.22,,,26.6,,,,,,,,5.41,,,6.37,,3.44,,36.63,,14.43,,,27.13,,,
2022-06-29,,,,,4.95,,,5.95,,3.02,,35.7,,13.97,,,26.11,,,,,,,,5.18,,,6.16,,3.23,,36.17,,14.18,,,26.63,,,,,,,,5.41,,,6.36,,3.44,,36.64,,14.39,,,27.15,,,
2022-06-30,,,,,4.95,,,5.95,,3.02,,35.7,,13.96,,,26.12,,,,,,,,5.18,,,6.16,,3.23,,36.17,,14.17,,,26.64,,,,,,,,5.4,,,6.36,,3.44,,36.64,,14.38,,,27.16,,,
2022-07-05,,,,,4.94,,,5.95,,3.03,,35.71,,13.91,,,26.16,,,,,,,,5.17,,,6.16,,3.24,,36.18,,14.11,,,26.68,,,,,,,,5.39,,,6.36,,3.45,,36.66,,14.32,,,27.2,,,
2022-07-12,,,,,4.92,,,5.96,,3.03,,35.72,,13.82,,,26.22,,,,,,,,5.15,,,6.16,,3.24,,36.2,,14.03,,,26.75,,,,,,,,5.38,,,6.36,,3.45,,36.67,,14.24,,,27.27,,,
2022-07-13,,,,,4.92,,,5.96,,3.03,,35.73,,13.81,0.73,,26.23,,,,,,,,5.15,,,6.16,,3.24,,36.2,,14.02,1.57,,26.76,,,,,,,,5.38,,,6.36,,3.45,,36.67,,14.23,2.4,,27.28,,,
2022-07-18,,,,,4.9,,,5.97,,3.04,,35.74,,13.75,,,26.28,,,,,,,,5.14,,,6.16,,3.25,,36.21,,13.96,,,26.81,,,,,,,,5.38,,,6.36,,3.46,,36.68,,14.18,,,27.33,,,
2022-07-22,,,,,4.88,,,5.97,,3.04,,35.76,,13.71,,,26.32,,,,,,,,5.13,,,6.16,,3.25,,36.22,,13.92,,,26.85,,,,,,,,5.37,,,6.36,,3.47,,36.69,,14.13,,,27.38,,,
2022-08-23,,,,,4.75,,,5.99,,3.01,,35.87,,13.31,,,26.61,,,,,,,,5.04,,,6.17,,3.28,,36.3,,13.56,,,27.21,,,,,,,,5.33,,,6.36,,3.55,,36.72,,13.81,,,27.8,,,
2022-08-26,,,,,4.74,,,5.99,,3.0,,35.88,,13.27,,,26.64,,,,,,,,5.04,,,6.18,,3.28,,36.3,,13.53,,,27.24,,,,,,,,5.33,,,6.36,,3.56,,36.73,,13.79,,,27.84,,,
2022-08-30,,,,,4.73,,,6.0,,3.0,,35.89,,13.22,,,26.68,,,,,,,,5.03,,,6.18,,3.28,,36.31,,13.48,,,27.29,,,,,,,,5.32,,,6.37,,3.57,,36.73,,13.75,,,27.89,,,
2022-09-02,,,,,4.72,,,6.0,,3.0,,35.9,,13.18,,,26.71,,,,,,,,5.02,,,6.18,,3.28,,36.31,,13.45,,,27.32,,,,,,,,5.32,,,6.37,,3.57,,36.73,,13.73,,,27.92,,,
2022-09-03,,,,,4.72,,,6.0,,3.0,,35.9,,13.16,,,26.72,,,,,,,,5.02,,,6.18,,3.29,,36.31,,13.44,,,27.33,,,,,,,,5.32,,,6.37,,3.57,,36.73,,13.72,,,27.94,,,
2022-09-08,,,,,4.7,,,6.0,,3.0,,35.91,,13.1,,,26.77,,,0.16,,,,,5.0,,,6.19,,3.29,,36.32,,13.39,,,27.38,,,1.23,,,,,5.3,,,6.38,,3.58,,36.73,,13.68,,,27.99,,,2.3
2022-09-13,,,,,4.69,,,6.0,,3.0,,35.93,,13.04,,,26.82,,,,,,,,4.99,,,6.2,,3.3,,36.33,,13.34,,,27.44,,,,,,,,5.29,,,6.39,,3.59,,36.73,,13.63,,,28.05,,,
2022-09-19,,,,,4.68,,,6.0,,3.01,,35.94,,12.98,,,26.87,,,,,,,,4.97,,,6.2,,3.3,,36.33,,13.27,,,27.5,,,,,,,,5.26,,,6.4,,3.6,,36.72,,13.57,,,28.13,,,
2022-09-20,,,,,4.68,,,6.0,,3.01,,35.95,,12.97,,,26.88,,,,,,,,4.97,,,6.2,,3.3,,36.33,,13.26,,,27.51,,,,,,,,5.26,,,6.4,,3.6,,36.72,,13.56,,,28.14,,,
2022-09-21,,,,,4.68,,,6.0,,3.01,,35.95,,12.96,,,26.89,,,,,,,,4.97,,,6.2,,3.3,,36.33,,13.25,,,27.52,,,,,,,,5.25,,,6.41,,3.6,,36.72,,13.55,,,28.15,,,
2022-09-22,,,,,4.68,,,6.0,,3.01,,35.95,,12.94,,,26.9,,,,,,,,4.96,,,6.2,,3.31,,36.33,,13.24,,,27.53,,,,,,,,5.25,,,6.41,,3.6,,36.72,,13.54,,,28.17,,,
2022-09-24,,,,,4.67,,,6.0,,3.01,,35.96,,12.92,,,26.92,,,,,,,,4.96,,,6.21,,3.31,,36.34,,13.22,,,27.56,,,,,,,,5.24,,,6.41,,3.6,,36.71,,13.52,,,28.19,,,
2022-10-11,,,,,4.64,,,5.99,,3.03,,36.0,,12.72,,,27.08,,,,,,,,4.9,,,6.22,,3.32,,36.35,,13.03,,,27.74,,,,,,,,5.16,,,6.46,,3.61,,36.7,,13.34,,,28.4,,,
2022-10-12,,,,,4.63,,,5.98,,3.04,,36.0,,12.71,,,27.09,,,,,,,,4.9,,,6.22,,3.32,,36.35,,13.02,,,27.75,,,,,,,,5.16,,,6.46,,3.61,,36.7,,13.33,,,28.41,,,
2022-10-13,,,,,4.63,,,5.98,,3.04,,36.0,,12.7,,,27.1,,,,,,,,4.89,,,6.22,,3.32,,36.35,,13.01,,,27.76,,,,,,,,5.15,,,6.46,,3.61,,36.7,,13.32,,,28.42,,,
2022-10-16,,,,,4.63,,,5.98,,3.04,,36.0,,12.66,,,27.13,,,,,,,,4.88,,,6.22,,3.32,,36.35,,12.97,,,27.79,,,,,,,,5.14,,,6.47,,3.6,,36.71,,13.28,,,28.45,,,
2022-10-20,,,,,4.62,,,5.98,,3.05,,36.0,,12.61,,,27.18,,,,,,,,4.87,,,6.23,,3.33,,36.36,,12.92,,,27.83,,,,,,,,5.11,,,6.48,,3.6,,36.71,,13.23,,,28.49,,,
2022-10-24,,,,,4.61,,,5.98,,3.06,,36.0,,12.56,,,27.23,,,0.08,,,,,4.85,,,6.23,,3.33,,36.36,,12.87,,,27.88,,,1.2,,,,,5.09,,,6.48,,3.6,,36.73,,13.18,,,28.53,,,2.33
2022-11-01,,,,,4.59,,,5.98,,3.06,,35.99,,12.45,,,27.32,,,,,,,,4.81,,,6.24,,3.33,,36.38,,12.77,,,27.97,,,,,,,,5.04,,,6.5,,3.6,,36.76,,13.08,,,28.62,,,
2022-11-05,,,,,4.58,,,5.97,,3.06,,35.98,-17.77,12.4,0.16,,27.37,,,,,,,,4.8,,,6.24,,3.33,,36.38,-2.84,12.72,1.7,,28.01,,,,,,,,5.02,,,6.5,,3.6,,36.78,12.09,13.04,3.23,,28.66,,,
2022-11-09,,,,,4.56,,,5.98,,3.06,,35.97,,12.34,,,27.41,,,,,,,,4.78,,,6.24,,3.33,,36.39,,12.66,,,28.06,,,,,,,,5.0,,,6.5,,3.6,,36.81,,12.98,,,28.71,,,
2022-11-16,,,,,4.54,,,5.98,,3.06,,35.94,,12.25,,,27.5,,,,,,,,4.75,,,6.25,,3.33,,36.4,,12.57,,,28.14,,,,,,,,4.96,,,6.51,,3.6,,36.85,,12.89,,,28.79,,,
2022-11-19,,,,,4.53,,,5.99,,3.06,,35.93,,12.21,,,27.54,,,,,,,,4.74,,,6.25,,3.33,,36.4,,12.53,,,28.18,,,,,,,,4.95,,,6.51,,3.6,,36.87,,12.85,,,28.83,,,
2022-11-20,,,,,4.52,,,5.99,,3.06,,35.92,,12.19,,,27.55,,,,,,,,4.73,,,6.25,,3.33,,36.4,,12.52,,,28.2,,,,,,,,4.94,,,6.51,,3.6,,36.88,,12.84,,,28.84,,,
2022-11-21,,,,,4.52,,,5.99,,3.07,,35.92,-15.14,12.18,0.05,,27.57,,,,,,,,4.73,,,6.25,,3.33,,36.4,-1.79,12.5,1.71,,28.21,,,,,,,,4.94,,,6.52,,3.59,,36.89,11.56,12.83,3.37,,28.85,,,
2022-11-24,,,,,4.51,,,5.99,,3.07,,35.9,,12.14,,,27.61,,,,,,,,4.72,,,6.26,,3.33,,36.4,,12.46,,,28.25,,,,,,,,4.92,,,6.52,,3.59,,36.91,,12.79,,,28.89,,,
2022-11-26,,,,,4.5,,,5.99,,3.08,,35.89,,12.11,,,27.65,,,,,,,,4.71,,,6.26,,3.33,,36.4,,12.43,,,28.28,,,,,,,,4.92,,,6.52,,3.59,,36.92,,12.76,,,28.92,,,
2022-11-30,,,,,4.49,,,5.99,,3.09,,35.85,,12.05,,,27.71,,,,,,,,4.69,,,6.26,,3.34,,36.4,,12.38,,,28.34,,,,,,,,4.9,,,6.53,,3.58,,36.95,,12.71,,,28.97,,,
2022-12-05,,,,,4.46,,,5.99,,3.1,,35.82,,11.99,,,27.78,,,,,,,,4.67,,,6.27,,3.34,,36.4,,12.32,,,28.41,,,,,,,,4.88,,,6.55,,3.58,,36.98,,12.65,,,29.03,,,
2022-12-14,,,,,4.41,,,6.0,,3.1,,35.71,,11.87,,,27.92,,,,,,,,4.64,,,6.28,,3.34,,36.38,,12.2,,,28.52,,,,,,,,4.86,,,6.56,,3.58,,37.05,,12.53,,,29.13,,,
2022-12-17,,,,,4.4,,,6.0,,3.1,,35.67,,11.83,,,27.96,,,,,,,,4.62,,,6.28,,3.34,,36.37,,12.16,,,28.56,,,,,,,,4.85,,,6.56,,3.58,,37.08,,12.49,,,29.16,,,
2022-12-18,,,,,4.39,,,6.0,,3.1,,35.65,,11.82,,,27.98,,,,,,,,4.62,,,6.28,,3.35,,36.37,,12.15,,,28.57,,,,,,,,4.85,,,6.56,,3.59,,37.08,,12.48,,,29.17,,,
2023-01-11,,,,,4.31,,,6.08,,3.22,,35.29,,11.55,,,28.25,,,,,,,,4.56,,,6.36,,3.44,,36.15,,11.84,,,28.78,,,,,,,,4.81,,,6.63,,3.67,,37.01,,12.12,,,29.31,,,
2023-01-12,,,,,4.3,,,6.09,,3.23,,35.27,,11.54,,,28.26,,,,,,,,4.56,,,6.36,,3.45,,36.14,,11.82,,,28.79,,,,,,,,4.81,,,6.64,,3.67,,37.0,,12.1,,,29.31,,,
2023-01-14,,,,,4.3,,,6.09,,3.24,,35.24,,11.52,,,28.28,,,,,,,,4.55,,,6.37,,3.46,,36.11,,11.79,,,28.8,,,,,,,,4.81,,,6.64,,3.68,,36.98,,12.07,,,29.32,,,
2023-01-18,,,,,4.29,,,6.11,,3.26,,35.19,,11.47,,,28.31,,,,,,,,4.54,,,6.38,,3.48,,36.07,,11.74,,,28.82,,,,,,,,4.8,,,6.66,,3.7,,36.95,,12.01,,,29.34,,,
2023-01-21,,,,,4.28,,,6.12,,3.28,,35.14,,11.44,,,28.33,,,-0.13,,,,,4.54,,,6.39,,3.5,,36.04,,11.7,,,28.84,,,1.14,,,,,4.79,,,6.67,,3.71,,36.94,,11.96,,,29.35,,,2.41
2023-01-22,,,,,4.28,,,6.12,,3.29,,35.13,,11.42,,,28.34,,,,,,,,4.53,,,6.4,,3.5,,36.03,,11.68,,,28.85,,,,,,,,4.79,,,6.68,,3.71,,36.94,,11.94,,,29.36,,,
2023-01-23,,,,,4.28,,,6.12,,3.3,,35.11,,11.41,,,28.34,,,,,,,,4.53,,,6.4,,3.51,,36.02,,11.67,,,28.85,,,,,,,,4.79,,,6.68,,3.72,,36.94,,11.92,,,29.36,,,
2023-01-27,,,,,4.28,,,6.13,,3.32,,35.06,,11.37,,,28.36,,,,,,,,4.53,,,6.42,,3.53,,35.99,,11.62,,,28.87,,,,,,,,4.77,,,6.71,,3.74,,36.92,,11.86,,,29.39,,,
2023-02-05,,,,,4.26,,,6.15,,3.39,,34.92,,11.27,,,28.36,,,,,,,,4.51,,,6.46,,3.59,,35.91,,11.5,,,28.92,,,,,,,,4.75,,,6.77,,3.8,,36.89,,11.72,,,29.47,,,
2023-02-08,,,,,4.26,,,6.15,,3.4,,34.88,,11.23,,,28.35,,,,,,,,4.5,,,6.47,,3.61,,35.87,,11.46,,,28.93,,,,,,,,4.75,,,6.8,,3.82,,36.86,,11.68,,,29.51,,,
2023-02-15,,,,,4.24,,,6.17,,3.45,,34.8,,11.15,,,28.33,,,,,,,,4.49,,,6.52,,3.67,,35.78,,11.36,,,28.96,,,,,,,,4.73,,,6.86,,3.88,,36.77,,11.58,,,29.58,,,
2023-02-18,,,,,4.24,,,6.19,,3.48,,34.77,,11.12,,,28.3,,,,,,,,4.48,,,6.54,,3.69,,35.74,,11.33,,,28.96,,,,,,,,4.72,,,6.89,,3.91,,36.71,,11.54,,,29.61,,,
2023-03-05,,,,,4.2,,,6.28,,3.58,,34.6,,10.94,,,28.04,,,,,,,,4.44,,,6.65,,3.82,,35.55,,11.14,,,28.92,,,,,,,,4.69,,,7.01,,4.06,,36.5,,11.34,,,29.8,,,
2023-03-07,,,,,4.2,,,6.3,,3.6,,34.56,,10.91,,,27.99,,,,,,,,4.44,,,6.66,,3.84,,35.52,,11.12,,,28.91,,,,,,,,4.68,,,7.03,,4.08,,36.48,,11.32,,,29.82,,,
2023-03-09,,,,,4.19,,,6.31,,3.61,,34.52,,10.89,,,27.93,,,-0.27,,,,,4.43,,,6.68,,3.86,,35.49,,11.09,,,28.89,,,1.11,,,,,4.68,,,7.05,,4.1,,36.47,,11.29,,,29.85,,,2.49
2023-03-10,,,,,4.19,,,6.31,,3.62,,34.48,,10.88,,,27.89,,,,,,,,4.43,,,6.69,,3.87,,35.48,,11.08,,,28.88,,,,,,,,4.68,,,7.06,,4.11,,36.47,,11.28,,,29.88,,,
2023-03-14,,,,,4.17,,,6.35,,3.66,,34.35,,10.83,,,27.69,,,,,,,,4.42,,,6.71,,3.91,,35.42,,11.03,,,28.83,,,,,,,,4.67,,,7.08,,4.15,,36.49,,11.24,,,29.97,,,
2023-03-15,,,,,4.17,,,6.35,,3.67,,34.32,,10.81,,,27.64,,,,,,,,4.42,,,6.72,,3.92,,35.41,,11.02,,,28.82,,,,,,,,4.67,,,7.09,,4.16,,36.49,,11.23,,,30.0,,,
2023-03-19,,,,,4.16,,,6.39,,3.7,,34.18,,10.76,,,27.39,,,,,,,,4.41,,,6.75,,3.95,,35.34,,10.97,,,28.74,,,,,,,,4.66,,,7.11,,4.21,,36.5,,11.19,,,30.09,,,
2023-03-25,,,,,4.14,,,6.45,,3.74,,34.05,,10.68,,,27.02,,,,,,,,4.4,,,6.8,,4.0,,35.27,,10.9,,,28.61,,,,,,,,4.66,,,7.15,,4.27,,36.49,,11.13,,,30.21,,,
2023-03-26,,,,,4.13,,,6.46,,3.74,,34.03,,10.66,,,26.95,,,,,,,,4.4,,,6.8,,4.01,,35.26,,10.89,,,28.59,,,,,,,,4.66,,,7.15,,4.28,,36.49,,11.12,,,30.23,,,
2023-03-28,,,,,4.13,,,6.48,,3.74,,33.98,,10.63,-0.47,,26.78,,,,,,,,4.39,,,6.82,,4.02,,35.24,,10.87,1.21,,28.52,,,,,,,,4.65,,,7.16,,4.31,,36.49,,11.1,2.9,,30.25,,,
2023-03-29,,,,,4.12,,,6.49,,3.74,,33.97,,10.62,,,26.7,,,,,,,,4.38,,,6.82,,4.03,,35.24,,10.85,,,28.48,,,,,,,,4.64,,,7.16,,4.31,,36.5,,11.09,,,30.26,,,
2023-03-30,,,,,4.12,,,6.5,,3.74,,33.98,,10.61,,,26.6,,,,,,,,4.37,,,6.83,,4.03,,35.24,,10.84,,,28.44,,,,,,,,4.63,,,7.16,,4.32,,36.5,,11.08,,,30.27,,,
2023-04-01,,,,,4.11,,,6.52,,3.75,,34.01,,10.58,,,26.41,,,,,,,,4.36,,,6.84,,4.03,,35.26,,10.82,,,28.34,,,,,,,,4.61,,,7.16,,4.32,,36.52,,11.06,,,30.27,,,
2023-04-04,,,,,4.09,,,6.55,,3.76,,34.09,,10.53,,,26.1,,,,,,,,4.33,,,6.85,,4.04,,35.33,,10.79,,,28.18,,,,,,,,4.58,,,7.15,,4.32,,36.56,,11.05,,,30.26,,,
2023-04-19,,,,,3.96,,,6.68,,3.69,,34.77,,10.28,-0.2,,24.33,,,,,,,,4.18,,,6.91,,4.0,,35.92,,10.67,1.48,,27.25,,,,,,,,4.4,,,7.14,,4.31,,37.07,,11.06,3.16,,30.17,,,
2023-04-20,,,,,3.95,,,6.69,,3.68,,34.84,,10.27,,,24.2,,,,,,,,4.17,,,6.91,,4.0,,35.98,,10.66,,,27.19,,,,,,,,4.39,,,7.13,,4.31,,37.11,,11.06,,,30.17,,,
2023-04-21,,,,,3.94,,,6.7,,3.67,,34.91,,10.25,,,24.08,,,,,,,,4.16,,,6.91,,3.99,,36.04,,10.66,,,27.11,,,,,,,,4.38,,,7.13,,4.31,,37.16,,11.07,,,30.15,,,
2023-04-25,,,,,3.89,,,6.73,,3.61,,35.16,,10.17,-0.02,,23.58,,,,,,,,4.11,,,6.92,,3.95,,36.27,,10.64,1.62,,26.82,,,,,,,,4.34,,,7.12,,4.29,,37.39,,11.1,3.26,,30.05,,,
2023-04-28,,,,,3.85,,,6.74,,3.56,,35.38,,10.12,,,23.21,,,,,,,,4.08,,,6.93,,3.91,,36.47,,10.63,,,26.58,,,,,,,,4.32,,,7.12,,4.27,,37.57,,11.14,,,29.95,,,
2023-04-30,,,,,3.81,,,6.75,,3.53,,35.54,,10.08,0.19,,22.99,,,,,,,,4.06,,,6.93,,3.88,,36.62,,10.62,1.78,,26.37,,,,,,,,4.31,,,7.12,,4.24,,37.7,,11.16,3.36,,29.74,,,
2023-05-02,,,,,3.79,,,6.76,,3.49,,35.73,,10.05,,,22.74,,,,,,,,4.04,,,6.94,,3.85,,36.78,,10.62,,,26.15,,,,,,,,4.29,,,7.11,,4.22,,37.83,,11.19,,,29.56,,,
2023-05-04,,,,,3.76,,,6.78,,3.44,,35.94,,10.03,0.37,,22.49,,,,,,,,4.01,,,6.95,,3.82,,36.95,,10.62,1.92,,25.93,,,,,,,,4.27,,,7.11,,4.2,,37.96,,11.22,3.46,,29.37,,,
2023-05-05,,,,,3.74,,,6.78,,3.42,,36.06,0.56,10.03,0.43,,22.39,,,,,,,,4.0,,,6.95,,3.8,,37.04,1.28,10.63,1.96,,25.81,,,,,,,,4.26,,,7.12,,4.19,,38.03,2.0,11.23,3.49,,29.22,,,
2023-05-07,,,,,3.72,,,6.79,,3.37,,36.29,0.68,10.05,0.59,,22.21,,,,,,,,3.98,,,6.96,,3.77,,37.22,1.34,10.65,2.07,,25.56,,,,,,,,4.24,,,7.13,,4.17,,38.16,2.01,11.25,3.54,,28.9,,,
2023-05-10,,,,,3.72,,,6.8,,3.31,,36.66,0.98,10.13,0.86,,22.0,,,,,,,,3.97,,,6.97,,3.69,,37.51,1.52,10.7,2.26,,25.16,,,,,,,,4.21,,,7.15,,4.08,,38.36,2.07,11.27,3.66,,28.33,,,
2023-05-13,,,,,3.73,,,6.8,,3.24,,37.01,1.33,10.22,1.12,,21.8,,,,,,,,3.95,,,6.99,,3.61,,37.8,1.76,10.75,2.46,,24.77,,,,,,,,4.17,,,7.17,,3.97,,38.59,2.19,11.28,3.8,,27.74,,,
2023-05-14,,,,,3.74,,,6.8,,3.22,,37.12,1.44,10.26,1.21,,21.73,,,,,,,,3.95,,,6.99,,3.58,,37.9,1.84,10.77,2.53,,24.64,,,,,,,,4.16,,,7.18,,3.94,,38.67,2.23,11.29,3.85,,27.55,,,
2023-05-15,,,,,3.74,,,6.81,,3.2,,37.24,1.54,10.29,1.29,,21.66,,,,,,,,3.95,,,7.0,,3.55,,38.0,1.92,10.79,2.59,,24.51,,,,,,,,4.15,,,7.19,,3.9,,38.75,2.29,11.29,3.9,,27.36,,,
2023-05-16,,,,,3.74,,,6.81,,3.17,,37.35,1.64,10.32,1.37,,21.58,,,,,,,,3.94,,,7.01,,3.52,,38.1,2.0,10.81,2.66,,24.38,,,,,,,,4.14,,,7.2,,3.87,,38.84,2.36,11.3,3.95,,27.18,,,
2023-05-17,,,,,3.75,,,6.81,,3.15,,37.47,1.73,10.36,1.46,,21.51,,,,,,,,3.94,,,7.01,,3.49,,38.19,2.08,10.83,2.73,,24.25,,,,,,,,4.13,,,7.21,,3.83,,38.92,2.42,11.3,4.01,,26.99,,,
2023-05-19,,,,,3.75,,,6.83,,3.1,,37.72,,10.43,,,21.35,,,,,,,,3.93,,,7.02,,3.43,,38.4,,10.87,,,23.99,,,,,,,,4.11,,,7.21,,3.77,,39.08,,11.32,,,26.62,,,
2023-05-27,,,,,3.74,,,6.88,,2.86,,38.45,2.44,10.67,2.28,,20.81,,,,,,,,3.89,,,7.06,,3.2,,39.23,2.84,11.05,3.41,,22.91,,,,,,,,4.05,,,7.25,,3.54,,40.0,3.24,11.43,4.55,,25.02,,,
2023-05-30,,,,,3.72,,,6.9,,2.76,,38.63,2.6,10.74,2.42,,20.6,1.6,,,,,,,3.88,,,7.08,,3.11,,39.54,3.05,11.12,3.62,,22.51,2.42,,,,,,,4.04,,,7.26,,3.47,,40.45,3.5,11.5,4.82,,24.43,3.24,,
2023-06-06,,,,,3.67,,,6.96,,2.51,,38.9,2.92,10.87,2.69,,19.98,,,,,,,,3.86,,,7.12,,2.9,,40.26,3.41,11.31,4.01,,21.58,,,,,,,,4.05,,,7.29,,3.29,,41.62,3.89,11.76,5.32,,23.18,,,
2023-06-07,,,,,3.66,,,6.97,,2.47,,38.96,2.98,10.88,2.74,,19.87,,,,,,,,3.86,,,7.13,,2.87,,40.35,3.43,11.34,4.03,,21.45,,,,,,,,4.06,,,7.3,,3.26,,41.74,3.88,11.8,5.33,,23.02,,,
2023-06-08,,,,,3.65,,,6.97,,2.43,,39.01,3.03,10.9,2.79,,19.76,,,,,,,,3.86,,,7.14,,2.84,,40.44,3.44,11.37,4.05,,21.31,,,,,,,,4.06,,,7.3,,3.24,,41.87,3.85,11.84,5.3,,22.86,,,
2023-06-09,,,,,3.64,,,6.98,,2.4,,39.07,3.08,10.91,2.84,,19.65,1.72,,,,,,,3.85,,,7.14,,2.81,,40.54,3.45,11.4,4.05,,21.18,2.48,,,,,,,4.07,,,7.31,,3.21,,42.0,3.82,11.89,5.26,,22.71,3.24,,
2023-06-10,,,,,3.63,,,6.99,,2.36,,39.12,3.12,10.92,2.88,,19.53,1.73,,,,,,,3.85,,,7.15,,2.77,,40.63,3.45,11.43,4.06,,21.04,2.49,,,,,,,4.08,,,7.31,,3.19,,42.14,3.78,11.94,5.23,,22.55,3.24,,
2023-06-12,,,,,3.62,,,7.0,,2.28,,39.21,3.17,10.96,2.93,,19.28,1.77,,,,,,,3.86,,,7.17,,2.71,,40.82,3.45,11.49,4.07,,20.78,2.5,,,,,,,4.09,,,7.33,,3.15,,42.43,3.72,12.03,5.2,,22.28,3.23,,
2023-06-13,,,,,3.61,,,7.01,,2.24,,39.26,3.18,10.97,2.94,,19.15,1.8,,,,,,,3.86,,,7.17,,2.68,,40.92,3.44,11.53,4.07,,20.65,2.52,,,,,,,4.1,,,7.34,,3.13,,42.58,3.71,12.08,5.2,,22.15,3.24,,
2023-06-17,,,,,3.58,,,7.04,,2.08,,39.29,3.12,11.03,2.85,,18.52,1.85,,,,,,,3.86,,,7.21,,2.56,,41.27,3.45,11.66,4.09,,20.13,2.55,,,,,,,4.15,,,7.39,,3.05,,43.25,3.77,12.29,5.32,,21.74,3.25,,
2023-06-18,,,,,3.58,,,7.05,,2.04,,39.28,3.1,11.05,2.84,,18.34,1.86,,,,,,,3.87,,,7.22,,2.53,,41.35,3.45,11.7,4.09,,20.0,2.56,,,,,,,4.15,,,7.4,,3.03,,43.43,3.79,12.34,5.33,,21.67,3.25,,
2023-06-19,,,,,3.57,,,7.06,,2.0,,39.28,3.06,11.07,2.82,,18.15,1.88,,,,,,,3.87,,,7.24,,2.51,,41.44,3.45,11.74,4.08,,19.87,2.56,,,,,,,4.16,,,7.41,,3.01,,43.61,3.83,12.4,5.35,,21.6,3.25,,
2023-06-20,,,,,3.57,,,7.07,,1.96,,39.27,3.03,11.09,2.79,,17.94,1.89,,,,,,,3.87,,,7.25,,2.48,,41.53,3.45,11.77,4.08,,19.74,2.57,,,,,,,4.17,,,7.43,,3.0,,43.79,3.86,12.45,5.36,,21.54,3.25,,
2023-06-21,,,,,3.57,,,7.07,,1.92,,39.27,3.0,11.11,2.76,,17.73,1.9,,,,,,,3.88,,,7.26,,2.45,,41.59,3.45,11.8,4.07,,19.62,2.58,,,,,,,4.18,,,7.44,,2.98,,43.92,3.9,12.49,5.38,,21.51,3.25,,
2023-06-22,,,,,3.57,,,7.09,,1.92,,39.29,2.99,11.13,2.74,,17.62,1.91,,,,,,,3.89,,,7.27,,2.44,,41.63,3.45,11.82,4.06,,19.56,2.58,,,,,,,4.21,,,7.46,,2.97,,43.97,3.9,12.51,5.37,,21.49,3.25,,
2023-09-23,,,,,5.18,,,8.66,,2.19,,38.42,2.76,12.77,2.61,,16.1,2.73,,,,,,,5.54,,,9.02,,2.5,,39.35,3.61,13.05,3.06,,16.72,3.3,,,,,,,5.91,,,9.38,,2.81,,40.29,4.46,13.33,3.5,,17.34,3.87,,
2023-09-26,,,,,5.22,,,8.69,,2.19,,38.35,2.78,12.79,2.6,,15.98,2.77,,,,,,,5.59,,,9.07,,2.5,,39.29,3.58,13.09,3.04,,16.62,3.33,,,,,,,5.97,,,9.46,,2.81,,40.24,4.37,13.39,3.48,,17.26,3.88,,
2023-09-29,,,,,5.28,,,8.7,,,,38.29,2.81,12.81,2.63,,15.89,2.8,,,,,,,5.64,,,9.12,,,,39.24,3.56,13.13,3.05,,16.51,3.34,,,,,,,6.0,,,9.53,,,,40.19,4.31,13.45,3.47,,17.14,3.88,,
2023-10-21,,,,,5.63,,,8.84,,2.14,,37.91,2.99,13.16,2.83,,15.14,2.97,,,,,,,5.98,,,9.41,,2.49,,38.85,3.45,13.46,3.13,,15.71,3.37,,,,,,,6.33,,,9.98,,2.84,,39.8,3.92,13.76,3.42,,16.28,3.77,,
2023-10-23,,,,,5.66,,,8.86,,,,37.88,3.0,13.18,2.84,,15.06,2.98,,,,,,,6.01,,,9.43,,,,38.82,3.44,13.49,3.14,,15.64,3.37,,,,,,,6.36,,,10.0,,,,39.76,3.89,13.79,3.43,,16.21,3.76,,
2023-10-28,,,,,5.73,,,8.91,,2.12,,37.78,3.02,13.25,2.84,,14.88,2.99,,,,,,,6.08,,,9.48,,2.49,,38.73,3.42,13.56,3.15,,15.46,3.35,,,,,,,6.44,,,10.05,,2.86,,39.68,3.82,13.87,3.46,,16.03,3.72,,
2023-10-31,,,,,5.77,,,8.93,,2.13,,37.73,3.02,13.29,2.85,,14.77,2.99,,,,,,,6.13,,,9.5,,2.49,,38.67,3.41,13.6,3.16,,15.35,3.34,,,,,,,6.49,,,10.06,,2.84,,39.62,3.79,13.91,3.48,,15.93,3.69,,
2023-11-01,,,,,5.79,,,8.94,,2.13,,37.71,3.03,13.3,2.85,,14.74,2.99,,,,,,,6.15,,,9.5,,2.48,,38.66,3.41,13.61,3.17,,15.32,3.34,,,,,,,6.51,,,10.07,,2.84,,39.6,3.78,13.92,3.48,,15.9,3.68,,
2023-11-14,,,,,5.98,,,9.04,,2.15,,37.46,3.08,13.44,2.88,,14.31,2.95,,,,,,,6.36,,,9.56,,2.47,,38.42,3.38,13.76,3.22,,14.9,3.26,,,,,,,6.74,,,10.08,,2.8,,39.37,3.68,14.09,3.55,,15.5,3.56,,
2023-11-17,,,,,6.03,,,9.05,,2.15,,37.39,3.09,13.46,2.89,,14.22,2.94,,,,,,,6.41,,,9.56,,2.47,,38.36,3.38,13.79,3.23,,14.82,3.24,,,,,,,6.8,,,10.07,,2.79,,39.32,3.67,14.12,3.56,,15.42,3.54,,
2023-11-20,,,,,6.08,,,9.07,,2.16,,37.31,3.09,13.47,2.9,,14.13,2.92,,,,,,,6.47,,,9.56,,2.47,,38.3,3.38,13.81,3.24,,14.74,3.22,,,,,,,6.85,,,10.06,,2.78,,39.28,3.67,14.15,3.57,,15.34,3.51,,
2023-11-25,,,,,6.16,,,9.09,,2.17,,37.18,3.09,13.49,2.92,,13.99,2.9,,,,,,,6.56,,,9.56,,2.46,,38.19,3.39,13.84,3.25,,14.6,3.18,,,,,,,6.95,,,10.04,,2.76,,39.21,3.69,14.2,3.58,,15.22,3.47,,
2023-11-28,-6.37,,,,6.21,,,9.09,,2.18,2.49,37.11,3.09,13.5,2.93,,13.91,2.88,,,5.36,,,,6.61,,,9.56,,2.46,2.87,38.13,3.39,13.86,3.25,,14.53,3.16,,,17.08,,,,7.01,,,10.02,,2.75,3.25,39.14,3.7,14.23,3.58,,15.16,3.44,,
2023-12-01,,,,,6.26,,,9.1,,2.18,2.49,37.04,3.09,13.51,2.94,,13.82,2.87,,,,,,,6.67,,,9.55,,2.46,2.86,38.06,3.4,13.88,3.25,,14.46,3.14,,,,,,,7.07,,,10.0,,2.74,3.24,39.08,3.72,14.25,3.57,,15.1,3.42,,
2023-12-06,,,,,6.35,,,9.11,,2.19,2.48,36.93,3.13,13.51,2.94,,13.69,2.84,,,,,,,6.76,,,9.54,,2.45,2.84,37.94,3.4,13.9,3.25,,14.36,3.11,,,,,,,7.17,,,9.97,,2.72,3.21,38.95,3.67,14.3,3.56,,15.02,3.37,,
2023-12-14,,,,,6.48,,,9.12,,2.2,2.48,36.73,3.13,13.48,2.96,,13.49,2.79,,,,,,,6.9,,,9.52,,2.45,2.83,37.74,3.41,13.91,3.25,,14.21,3.05,,,,,,,7.33,,,9.92,,2.69,3.19,38.74,3.69,14.33,3.54,,14.92,3.31,,
2023-12-16,,,,,6.51,,,9.12,,2.21,2.48,36.68,3.12,13.48,2.96,,13.44,2.77,,,,,,,6.94,,,9.51,,2.45,2.83,37.69,3.41,13.91,3.25,,14.17,3.03,,,,,,,7.37,,,9.91,,2.68,3.18,38.69,3.7,14.35,3.53,,14.9,3.3,,
2023-12-19,,,,,6.56,,,9.11,,2.21,2.48,36.61,3.12,13.46,2.96,,13.37,2.75,,,,,,,6.99,,,9.5,,2.44,2.83,37.6,3.42,13.91,3.24,,14.13,3.01,,,,,,,7.42,,,9.89,,2.67,3.18,38.6,3.72,14.36,3.52,,14.88,3.27,,
2023-12-24,,,,,6.64,,,9.1,,2.22,2.47,36.48,3.1,13.44,2.96,,13.28,2.72,,,,,,,7.08,,,9.48,,2.44,2.82,37.46,3.43,13.9,3.23,,14.07,2.98,,,,,,,7.51,,,9.86,,2.66,3.16,38.44,3.76,14.36,3.5,,14.86,3.24,,
2024-01-10,,,,,6.91,,,9.04,,2.23,2.47,36.04,3.0,13.36,2.92,,12.98,2.59,,,,,,,7.35,,,9.4,,2.42,2.79,36.97,3.47,13.85,3.19,,13.9,2.85,,,,,,,7.79,,,9.77,,2.61,3.12,37.9,3.94,14.35,3.47,,14.81,3.12,,
2024-01-11,,,,,6.92,,,9.04,,2.23,2.47,36.01,3.0,13.35,2.91,,12.97,2.58,,,,,,,7.36,,,9.4,,2.42,2.79,36.94,3.47,13.85,3.19,,13.89,2.85,,,,,,,7.8,,,9.76,,2.61,3.11,37.87,3.95,14.35,3.47,,14.81,3.12,,
2024-01-12,,,,,6.94,,,9.03,,,2.47,35.99,3.0,13.35,2.91,,12.95,2.57,,,,,,,7.38,,,9.4,,,2.79,36.91,3.48,13.85,3.18,,13.88,2.84,,,,,,,7.82,,,9.76,,,3.11,37.84,3.96,14.34,3.46,,14.82,3.11,,
2024-01-20,,,,,7.05,,,9.0,,2.23,2.47,35.78,3.04,13.31,2.88,,12.83,2.49,,,,,,,7.5,,,9.36,,2.41,2.78,36.68,3.54,13.82,3.16,,13.84,2.78,,,,,,,7.94,,,9.72,,2.6,3.09,37.58,4.03,14.32,3.43,,14.86,3.07,,
2024-01-23,,,,,7.09,,,8.98,,2.23,2.46,35.7,3.06,13.3,2.88,,12.79,2.46,,,,,,,7.54,,,9.35,,2.41,2.77,36.59,3.56,13.8,3.14,,13.83,2.76,,,,,,,8.0,,,9.71,,2.59,3.08,37.48,4.06,14.3,3.41,,14.86,3.05,,
2024-01-29,,,,,7.17,,,8.94,,2.23,2.46,35.55,3.09,13.28,2.86,,12.74,2.41,,,,,,,7.63,,,9.32,,2.41,2.76,36.42,3.62,13.78,3.12,,13.8,2.71,,,,,,,8.1,,,9.7,,2.59,3.07,37.29,4.15,14.28,3.38,,14.86,3.01,,
2024-02-09,,,,,7.29,,,8.86,,,2.46,35.25,3.07,13.22,2.83,,12.69,2.3,,,,,,,7.79,,,9.27,,,2.75,36.09,3.72,13.73,3.08,,13.76,2.63,,,,,,,8.29,,,9.68,,,3.04,36.93,4.38,14.25,3.33,,14.83,2.95,,
2024-02-14,,,,,7.35,,,8.84,,2.24,2.45,35.1,3.05,13.18,2.8,,12.65,2.25,,,,,,,7.86,,,9.25,,2.42,2.74,35.94,3.76,13.71,3.06,,13.74,2.59,,,,,,,8.37,,,9.67,,2.59,3.02,36.77,4.47,14.24,3.32,,14.83,2.92,,
2024-02-17,,,,,7.38,,,8.82,,2.25,2.45,35.01,3.04,13.16,2.79,,12.63,2.22,-0.16,,,,,,7.9,,,9.24,,2.42,2.73,35.85,3.79,13.7,3.05,,13.72,2.56,1.14,,,,,,8.42,,,9.66,,2.6,3.02,36.68,4.53,14.25,3.3,,14.82,2.91,2.43,
2024-02-24,,,,,7.47,,,8.79,,2.25,2.45,34.8,3.02,13.1,2.73,,12.57,2.15,0.07,,,,,,8.0,,,9.22,,2.43,2.72,35.63,3.85,13.67,3.01,,13.7,2.51,1.25,,,,,,8.53,,,9.65,,2.6,3.0,36.46,4.68,14.25,3.28,,14.82,2.87,2.43,
2024-02-28,,,,,7.52,,,8.77,,2.25,2.45,34.68,3.01,13.06,2.7,,12.54,2.11,,,,,,,8.06,,,9.21,,2.43,2.72,35.51,3.88,13.65,2.99,,13.69,2.48,,,,,,,8.59,,,9.65,,2.61,2.99,36.34,4.75,14.25,3.28,,14.84,2.85,,
2024-03-09,,,,,7.63,,,8.74,,,2.44,34.36,3.02,12.96,2.63,,12.46,2.0,,,,,,,8.19,,,9.19,,,2.7,35.21,3.94,13.61,2.96,,13.68,2.4,,,,,,,8.76,,,9.64,,,2.96,36.05,4.86,14.26,3.28,,14.91,2.8,,
2024-03-12,-2.89,,,,7.66,,,8.72,,2.25,2.44,34.27,3.03,12.93,2.62,,12.44,1.96,,,4.93,,,,8.24,,,9.18,,2.44,2.7,35.12,3.96,13.59,2.95,,13.68,2.37,,,12.76,,,,8.81,,,9.64,,2.64,2.96,35.96,4.89,14.26,3.28,,14.92,2.78,,
2024-03-13,-2.35,,,,7.67,,,8.72,,2.25,2.44,34.24,3.04,12.92,2.62,,12.43,1.95,,,5.57,,,,8.25,,,9.18,,2.44,2.69,35.08,3.96,13.59,2.95,,13.68,2.37,,,13.49,,,,8.82,,,9.63,,2.64,2.95,35.93,4.88,14.26,3.28,,14.93,2.78,,
2024-03-17,,,,,7.72,,,8.71,,2.25,2.43,34.1,3.07,12.9,2.61,,12.38,1.91,,,,,,,8.3,,,9.17,,2.45,2.69,34.95,3.97,13.58,2.94,,13.67,2.34,,,,,,,8.89,,,9.63,,2.65,2.94,35.81,4.87,14.26,3.28,,14.96,2.76,,
2024-04-02,,,,,7.87,,,8.66,,,2.42,33.57,3.21,12.81,2.63,,12.12,1.76,,,,,,,8.52,,,9.14,,,2.66,34.44,3.96,13.56,2.98,,13.58,2.23,,,,,,,9.16,,,9.62,,,2.9,35.31,4.71,14.31,3.32,,15.05,2.69,,
2024-04-06,,,,,7.93,,,8.66,,,2.42,33.43,3.24,12.78,2.63,,12.04,1.73,,,,,,,8.57,,,9.14,,,2.66,34.31,3.95,13.56,2.99,,13.55,2.2,,,,,,,9.21,,,9.62,,,2.89,35.19,4.67,14.34,3.35,,15.07,2.68,,
2024-04-27,,,,,8.3,,,8.66,,2.29,2.4,32.78,3.4,12.69,2.66,,11.7,,1.69,,,,,,8.8,,,9.15,,2.52,2.62,33.65,3.9,13.61,3.09,,13.27,,2.3,,,,,,9.3,,,9.64,,2.74,2.84,34.51,4.41,14.52,3.52,,14.85,,2.91,
2024-05-10,,,,,8.48,,,8.7,,,2.39,32.37,3.47,12.74,2.66,,11.49,,,,,,,,8.93,,,9.18,,,2.6,33.24,3.87,13.68,3.16,,13.04,,,,,,,,9.39,,,9.66,,,2.81,34.1,4.28,14.63,3.66,,14.58,,,
2024-05-21,-0.27,,,,8.6,,,8.74,,2.32,2.38,32.01,3.49,12.81,2.79,,11.34,,2.29,,4.88,,,,9.05,,,9.2,,2.57,2.58,32.89,3.85,13.75,3.26,,12.87,,2.71,,10.03,,,,9.5,,,9.65,,2.82,2.79,33.78,4.2,14.69,3.73,,14.41,,3.14,
2024-06-01,,,,,8.71,,,8.79,,,2.37,31.67,3.48,12.94,2.92,,11.2,,,,,,,,9.16,,,9.22,,,2.57,32.56,3.82,13.84,3.37,,12.71,,,,,,,,9.6,,,9.64,,,2.77,33.46,4.15,14.74,3.81,,14.22,,,
2024-06-03,-0.44,,,,8.73,,,8.8,,2.32,2.37,31.6,3.48,12.96,2.94,,11.18,,2.56,,4.48,,,,9.18,,,9.22,,2.59,2.56,32.5,3.81,13.85,3.39,,12.69,,2.93,,9.39,,,,9.62,,,9.64,,2.86,2.76,33.4,4.14,14.74,3.83,,14.2,,3.31,
2024-06-05,-0.47,,,,8.74,,,8.8,,2.32,2.36,31.53,3.47,12.98,2.96,,11.14,,2.59,,4.43,,,,9.19,,,9.22,,2.6,2.56,32.44,3.81,13.86,3.41,,12.66,,2.97,,9.33,,,,9.64,,,9.64,,2.87,2.76,33.35,4.14,14.74,3.86,,14.18,,3.34,
2024-06-18,,,,,8.82,,,8.87,,,2.35,31.13,3.44,13.1,3.13,,10.93,,2.82,,,,,,9.29,,,9.25,,,2.54,32.06,3.79,13.92,3.55,,12.52,,3.18,,,,,,9.76,,,9.63,,,2.73,33.0,4.14,14.73,3.97,,14.1,,3.53,
2024-06-26,,,,,8.86,,,8.91,,2.31,2.34,30.87,3.43,13.15,3.23,,10.82,1.49,2.94,,,,,,9.34,,,9.27,,2.63,2.53,31.84,3.79,13.98,3.64,,12.42,1.86,3.3,,,,,,9.81,,,9.63,,2.96,2.72,32.81,4.15,14.81,4.06,,14.03,2.23,3.66,
2024-06-30,,,,,8.87,,,8.93,,2.32,2.34,30.76,3.46,13.23,3.29,,10.78,,2.99,,,,,,9.36,,,9.29,,2.65,2.52,31.74,3.81,14.04,3.69,,12.34,,3.36,,,,,,9.84,,,9.65,,2.97,2.71,32.72,4.15,14.84,4.1,,13.91,,3.73,
2024-08-23,,,,,8.9,,,9.09,,,2.27,29.35,3.81,14.55,3.94,,10.15,,3.3,,,,,,9.59,,,9.55,,,2.45,30.42,4.08,15.11,4.41,,11.11,,4.17,,,,,,10.28,,,10.02,,,2.64,31.5,4.34,15.67,4.88,,12.08,,5.04,
2024-08-28,,,,,8.9,,,9.1,,2.45,2.26,29.24,3.83,14.65,3.99,,10.05,,3.37,,,,,,9.6,,,9.58,,2.84,2.44,30.31,4.08,15.22,4.45,,10.96,,4.2,,,,,,10.3,,,10.05,,3.23,2.63,31.39,4.34,15.8,4.91,,11.87,,5.03,
2024-09-04,,,,,8.92,,,9.13,,,2.24,29.1,3.83,14.8,4.06,,9.82,,3.67,,,,,,9.62,,,9.61,,,2.43,30.17,4.09,15.4,4.48,,10.69,,4.3,,,,,,10.32,,,10.09,,,2.62,31.23,4.34,16.0,4.9,,11.57,,4.92,
2024-09-06,2.44,,,,8.93,,,9.14,,2.46,2.24,29.06,3.84,14.85,4.08,,9.75,,3.75,,5.14,,,,9.63,,,9.62,,2.87,2.43,30.12,4.08,15.45,4.49,,10.62,,4.33,,7.83,,,,10.33,,,10.1,,3.28,2.62,31.19,4.33,16.06,4.9,,11.48,,4.91,
2024-09-07,,,,,8.94,,,9.14,,2.47,2.23,29.04,3.83,14.87,4.08,,9.72,1.16,3.78,,,,,,9.63,,,9.63,,2.87,2.43,30.1,4.08,15.48,4.49,,10.57,1.54,4.34,,,,,,10.32,,,10.11,,3.28,2.62,31.16,4.32,16.09,4.89,,11.43,1.92,4.91,
2024-09-09,,,,,8.95,,,9.15,,2.47,2.23,29.01,3.83,14.91,4.1,,9.65,,3.83,,,,,,9.63,,,9.63,,2.88,2.42,30.06,4.06,15.53,4.49,,10.49,,4.37,,,,,,10.32,,,10.11,,3.29,2.61,31.12,4.3,16.15,4.89,,11.34,,4.91,
2024-09-11,,,,,8.96,,,9.17,,2.48,2.22,28.97,3.81,14.95,4.13,,9.57,,3.88,,,,,,9.64,,,9.64,,2.89,2.42,30.02,4.04,15.58,4.5,,10.41,,4.4,,,,,,10.31,,,10.12,,3.3,2.61,31.08,4.27,16.21,4.88,,11.25,,4.92,
2024-09-14,,,,,8.98,,,9.18,,2.49,2.22,28.92,3.79,15.01,4.16,,9.46,1.14,3.93,,,,,,9.64,,,9.65,,2.9,2.41,29.97,4.01,15.66,4.51,,10.29,1.52,4.44,,,,,,10.3,,,10.12,,3.31,2.6,31.02,4.23,16.3,4.86,,11.12,1.9,4.95,
2024-09-15,,,,,8.98,,,9.19,,2.49,2.21,28.9,3.78,15.03,4.17,,9.42,1.14,3.95,,,,,,9.64,,,9.66,,2.9,2.41,29.95,4.0,15.68,4.51,,10.25,1.51,4.46,,,,,,10.3,,,10.13,,3.31,2.6,31.0,4.21,16.33,4.86,,11.08,1.89,4.96,
2024-09-18,,,,,9.0,,,9.2,,2.51,2.21,28.85,3.75,15.08,4.2,,9.31,1.13,3.98,,,,,,9.64,,,9.67,,2.91,2.4,29.89,3.96,15.76,4.52,,10.13,1.51,4.5,,,,,,10.29,,,10.13,,3.31,2.6,30.93,4.17,16.43,4.84,,10.95,1.89,5.02,
2024-09-21,,,,,9.01,,,9.22,,2.52,2.2,28.82,3.71,15.14,4.23,,9.2,,4.05,,,,,,9.64,,,9.67,,2.91,2.4,29.85,3.92,15.83,4.53,,10.01,,4.55,,,,,,10.27,,,10.12,,3.3,2.59,30.88,4.13,16.52,4.83,,10.82,,5.04,
2024-09-25,,,,,9.02,,,9.25,,2.54,2.19,28.79,3.63,15.2,4.26,,9.06,,4.14,,,,,,9.64,,,9.68,,2.92,2.39,29.8,3.86,15.92,4.54,,9.86,,4.61,,,,,,10.26,,,10.1,,3.29,2.59,30.8,4.1,16.65,4.81,,10.65,,5.07,
2024-09-26,,,,,9.03,,,9.25,,2.55,2.18,28.78,3.6,15.22,4.27,,9.03,1.15,4.16,,,,,,9.64,,,9.68,,2.92,2.38,29.78,3.85,15.95,4.54,,9.82,1.51,4.62,,,,,,10.25,,,10.1,,3.29,2.58,30.78,4.09,16.68,4.81,,10.61,1.86,5.08,
2024-09-29,,,,,9.03,,,9.27,,2.56,2.18,28.76,3.53,15.26,4.29,,8.94,1.16,4.24,,,,,,9.64,,,9.67,,2.92,2.38,29.75,3.81,16.01,4.55,,9.71,1.5,4.66,,,,,,10.24,,,10.08,,3.28,2.58,30.73,4.08,16.76,4.81,,10.48,1.85,5.09,
2024-09-30,,,,,9.04,,,9.27,,2.57,2.17,28.76,3.51,15.28,4.29,,8.91,1.17,4.27,,,,,,9.64,,,9.67,,2.92,2.37,29.74,3.79,16.04,4.55,,9.67,1.5,4.67,,,,,,10.23,,,10.08,,3.28,2.58,30.71,4.08,16.79,4.81,,10.43,1.84,5.08,
2024-10-01,,,,,9.04,,,9.28,,2.57,2.17,28.76,3.48,15.3,4.3,,8.88,1.17,4.29,,,,,,9.63,,,9.67,,2.93,2.37,29.73,3.78,16.06,4.55,,9.64,1.5,4.68,,,,,,10.23,,,10.07,,3.28,2.57,30.7,4.07,16.82,4.81,,10.39,1.84,5.07,
2024-10-15,,,,,9.04,,,9.32,,2.64,2.13,28.82,3.1,15.51,4.29,,8.47,,4.19,,,,,,9.58,,,9.63,,2.94,2.33,29.65,3.57,16.33,4.59,,9.18,,4.9,,,,,,10.11,,,9.94,,3.24,2.53,30.48,4.04,17.15,4.89,,9.9,,5.61,
2024-10-17,,,,,9.04,,,9.32,,2.65,2.13,28.83,3.05,15.54,4.28,,8.41,,4.14,,,,,,9.57,,,9.62,,2.94,2.33,29.64,3.54,16.37,4.59,,9.12,,4.94,,,,,,10.1,,,9.92,,3.24,2.52,30.46,4.04,17.2,4.9,,9.84,,5.73,
2024-10-18,,,,,9.03,,,9.32,,2.65,2.13,28.83,3.03,15.55,4.28,,8.38,,4.11,,,,,,9.56,,,9.61,,2.94,2.32,29.64,3.53,16.39,4.59,,9.09,,4.95,,,,,,10.09,,,9.91,,3.24,2.52,30.45,4.02,17.22,4.91,,9.8,,5.79,
2024-10-19,,,,,9.03,,,9.31,,2.65,2.12,28.84,3.01,15.56,4.28,,8.36,1.24,4.13,,,,,,9.56,,,9.61,,2.94,2.32,29.64,3.52,16.4,4.59,,9.06,1.5,4.96,,,,,,10.09,,,9.9,,3.23,2.52,30.44,4.02,17.24,4.91,,9.77,1.75,5.8,
2024-10-22,,,,,9.01,,,9.31,,2.66,2.12,28.87,2.97,15.6,4.27,,8.28,1.25,4.19,,,,,,9.54,,,9.59,,2.94,2.31,29.64,3.48,16.45,4.6,,8.98,1.5,5.0,,,,,,10.07,,,9.87,,3.23,2.51,30.4,3.98,17.29,4.93,,9.68,1.74,5.81,
2024-10-24,,,,,9.0,,,9.3,,2.67,2.11,28.88,2.96,15.61,4.26,,8.24,1.26,4.22,,,,,,9.53,,,9.58,,2.94,2.31,29.63,3.46,16.47,4.6,,8.93,1.5,5.03,,,,,,10.05,,,9.85,,3.22,2.5,30.38,3.96,17.33,4.94,,9.63,1.73,5.83,
2024-11-09,,,,,8.87,,,9.22,,2.7,2.07,28.96,2.98,15.7,4.23,,7.85,1.31,4.42,,,,,,9.41,,,9.46,,2.94,2.26,29.63,3.36,16.66,4.6,,8.55,1.49,5.38,,,,,,9.96,,,9.71,,3.18,2.44,30.29,3.74,17.61,4.97,,9.24,1.68,6.34,
2024-11-12,2.67,,3.92,,8.84,,,9.19,,2.7,2.06,28.96,2.99,15.71,4.21,,7.77,,4.43,,4.72,,5.56,,9.39,,,9.44,,2.94,2.25,29.63,3.35,16.69,4.61,,8.47,,5.46,,6.78,,7.19,,9.94,,,9.68,,3.18,2.43,30.29,3.71,17.66,5.0,,9.17,,6.5,
2024-11-20,,,3.55,,8.76,,,9.12,,2.7,2.04,28.97,3.0,15.75,4.16,,7.56,1.32,4.56,,,,5.25,,9.34,,,9.37,,2.94,2.22,29.63,3.32,16.76,4.62,,8.28,1.49,5.65,,,,6.96,,9.92,,,9.63,,3.17,2.4,30.29,3.65,17.77,5.08,,9.01,1.67,6.75,
2024-11-23,,,3.28,,8.73,,,9.08,,2.7,2.03,28.97,2.99,15.76,4.15,,7.48,1.32,4.6,,,,5.09,,9.32,,,9.35,,2.93,2.21,29.63,3.31,16.79,4.63,,8.21,1.49,5.67,,,,6.9,,9.91,,,9.61,,3.17,2.39,30.28,3.63,17.82,5.12,,8.94,1.66,6.74,
2024-11-25,,,3.32,,8.72,,,9.06,,2.7,2.03,28.97,3.0,15.77,4.14,,7.44,1.32,4.64,,,,5.05,,9.31,,,9.33,,2.93,2.21,29.62,3.31,16.8,4.64,,8.17,1.49,5.68,,,,6.78,,9.9,,,9.6,,3.16,2.39,30.28,3.61,17.83,5.14,,8.89,1.66,6.73,
2024-11-26,,,3.34,,8.72,,,9.05,,2.7,2.03,28.97,3.0,15.77,4.14,,7.42,1.32,4.65,,,,5.03,,9.31,,,9.32,,2.93,2.2,29.62,3.3,16.8,4.65,,8.15,1.49,5.69,,,,6.72,,9.9,,,9.59,,3.16,2.38,30.27,3.61,17.83,5.15,,8.87,1.66,6.73,
2024-12-04,2.32,,3.5,,8.68,,,8.97,,2.7,2.0,28.95,3.02,15.83,4.12,,7.3,,4.67,,4.39,,4.87,,9.28,,,9.26,,2.92,2.18,29.6,3.29,16.82,4.7,,7.99,,5.71,,6.46,,6.23,,9.87,,,9.54,,3.14,2.36,30.25,3.56,17.82,5.29,,8.67,,6.74,
2024-12-05,2.32,,3.52,,8.68,,,8.96,,2.7,2.0,28.95,3.02,15.84,4.12,,7.29,1.31,4.65,,4.38,,4.85,,9.27,,,9.25,,2.92,2.18,29.6,3.29,16.82,4.71,,7.97,1.49,5.71,,6.44,,6.17,,9.87,,,9.54,,3.13,2.35,30.25,3.55,17.81,5.31,,8.65,1.66,6.77,
2024-12-06,,,3.54,,8.67,,,8.95,,2.7,2.0,28.94,3.02,15.85,4.12,,7.27,,4.68,,,,4.83,,9.27,,,9.24,,2.92,2.17,29.59,3.28,16.82,4.73,,7.95,,5.69,,,,6.12,,9.86,,,9.53,,3.13,2.35,30.24,3.55,17.8,5.34,,8.63,,6.7,
2024-12-08,,,3.58,,8.67,,,8.93,,2.7,1.99,28.94,3.02,15.86,4.12,,7.26,1.3,4.73,,,,4.79,,9.27,,,9.22,,2.91,2.17,29.58,3.28,16.81,4.75,,7.92,1.49,5.65,,,,6.0,,9.86,,,9.52,,3.12,2.34,30.22,3.54,17.77,5.39,,8.58,1.67,6.58,
2024-12-11,,,3.63,,8.67,,,8.9,,2.7,1.99,28.92,3.01,15.88,4.14,,7.24,,4.76,,,,4.73,,9.26,,,9.2,,2.91,2.16,29.56,3.27,16.8,4.8,,7.87,,5.59,,,,5.83,,9.85,,,9.5,,3.11,2.33,30.2,3.53,17.73,5.47,,8.51,,6.42,
2024-12-12,,,3.65,,8.67,,,8.9,,2.7,1.98,28.91,3.0,15.89,4.14,,7.24,1.29,4.75,,,,4.71,,9.26,,,9.2,,2.9,2.16,29.55,3.26,16.8,4.82,,7.86,1.48,5.57,,,,5.77,,9.85,,,9.49,,3.11,2.33,30.19,3.53,17.72,5.5,,8.48,1.67,6.38,
2024-12-13,,,3.66,,8.68,,,8.89,,2.7,1.98,28.9,3.0,15.89,4.14,,7.23,1.29,4.74,,,,4.69,,9.26,,,9.19,,2.9,2.15,29.54,3.26,16.8,4.84,,7.85,1.48,5.54,,,,5.72,,9.85,,,9.49,,3.11,2.33,30.18,3.52,17.7,5.54,,8.46,1.67,6.33,
2024-12-14,,,3.68,,8.68,,,8.89,,2.7,1.98,28.89,2.99,15.9,4.16,,7.22,1.29,4.71,,,,4.67,,9.26,,,9.18,,2.9,2.15,29.53,3.26,16.79,4.86,,7.83,1.48,5.5,,,,5.66,,9.84,,,9.48,,3.1,2.32,30.17,3.52,17.67,5.57,,8.44,1.67,6.3,
2024-12-16,,,3.71,,8.7,,,8.88,,2.7,1.97,28.87,2.98,15.91,4.16,,7.22,1.28,4.6,,,,4.63,,9.27,,,9.17,,2.9,2.14,29.51,3.25,16.76,4.92,,7.81,1.48,5.44,,,,5.56,,9.84,,,9.47,,3.1,2.32,30.15,3.51,17.62,5.67,,8.4,1.68,6.29,
2024-12-19,,,3.76,,8.72,,,8.87,,2.7,1.96,28.83,2.98,15.91,4.22,,7.21,1.28,4.42,,,,4.58,,9.28,,,9.16,,2.89,2.14,29.47,3.23,16.72,5.01,,7.77,1.48,5.4,,,,5.39,,9.84,,,9.45,,3.09,2.31,30.11,3.49,17.53,5.81,,8.34,1.68,6.38,
2025-01-08,,,3.7,,8.93,,,8.82,,2.66,1.91,28.49,2.85,15.78,4.33,,7.1,,5.01,,,,4.19,,9.39,,,9.08,,2.87,2.08,29.13,3.13,16.34,5.74,,7.57,,5.81,,,,4.68,,9.85,,,9.33,,3.08,2.25,29.76,3.41,16.89,7.16,,8.04,,6.62,
2025-01-09,,,3.68,,8.93,,,8.82,,2.66,1.91,28.47,2.83,15.76,4.33,,7.09,1.23,5.05,,,,4.17,,9.39,,,9.07,,2.87,2.08,29.11,3.12,16.31,5.78,,7.56,1.46,5.84,,,,4.66,,9.85,,,9.32,,3.09,2.24,29.75,3.41,16.87,7.24,,8.03,1.7,6.63,
2025-01-17,,,3.49,,9.02,,,8.8,,2.64,1.89,28.33,2.74,15.57,4.35,,7.04,1.22,5.31,,,,4.01,,9.45,,,9.04,,2.86,2.05,28.97,3.08,16.1,6.15,,7.48,1.46,6.07,,,,4.54,,9.88,,,9.28,,3.09,2.22,29.61,3.43,16.64,7.94,,7.92,1.7,6.82,
2025-01-18,,,3.47,,9.03,,,8.8,,2.63,1.89,28.31,2.72,15.54,4.38,,7.03,1.21,5.34,,,,3.99,,9.46,,,9.04,,2.86,2.05,28.95,3.08,16.07,6.2,,7.47,1.46,6.09,,,,4.52,,9.88,,,9.27,,3.1,2.21,29.59,3.43,16.61,8.02,,7.91,1.7,6.84,
2025-01-20,,,3.43,,9.05,,,8.79,,2.63,1.88,28.28,2.7,15.48,4.45,,7.02,1.21,5.42,,,,3.95,,9.47,,,9.03,,2.86,2.05,28.92,3.07,16.01,6.31,,7.45,1.46,6.12,,,,4.48,,9.89,,,9.27,,3.1,2.21,29.56,3.43,16.55,8.17,,7.88,1.7,6.82,
2025-01-21,,,3.41,,9.06,,,8.79,,2.63,1.88,28.26,2.69,15.45,4.5,,7.02,,5.45,,,,3.93,,9.48,,,9.03,,2.86,2.04,28.9,3.06,15.98,6.37,,7.45,,6.13,,,,4.45,,9.9,,,9.26,,3.1,2.21,29.54,3.43,16.51,8.24,,7.87,,6.81,
2025-01-28,,,3.26,,9.14,,,8.77,,2.61,1.86,28.14,2.59,15.23,4.96,,6.98,,5.41,,,,3.77,,9.54,,,9.0,,2.86,2.02,28.79,3.02,15.77,6.86,,7.38,,6.18,,,,4.27,,9.95,,,9.23,,3.12,2.19,29.43,3.45,16.3,8.75,,7.78,,6.95,
2025-01-29,1.84,,3.25,,9.15,,,8.77,,2.6,1.86,28.13,2.58,15.2,5.08,,6.97,1.2,5.4,,4.03,,3.74,,9.55,,,9.0,,2.86,2.02,28.77,3.02,15.74,6.97,,7.37,1.45,6.17,,6.22,,4.24,,9.95,,,9.23,,3.12,2.18,29.42,3.45,16.27,8.85,,7.77,1.7,6.93,
2025-02-05,2.11,,3.11,,9.22,,,8.75,,2.58,1.84,28.0,2.54,14.98,6.04,,6.93,1.19,5.28,,4.11,,3.58,,9.62,,,8.97,,2.86,2.0,28.66,2.98,15.52,7.82,,7.3,1.44,6.06,,6.12,,4.06,,10.02,,,9.2,,3.14,2.16,29.32,3.41,16.06,9.6,,7.68,1.7,6.84,
2025-02-12,,,2.95,,9.27,,,8.72,,2.58,1.82,27.85,2.48,14.74,6.78,,6.87,,5.02,,,,3.43,,9.69,,,8.95,,2.87,1.98,28.54,2.94,15.3,8.66,,7.23,,5.98,,,,3.9,,10.1,,,9.18,,3.16,2.14,29.24,3.4,15.85,10.53,,7.58,,6.93,
2025-02-13,,,2.93,,9.28,,,8.72,,2.57,1.82,27.82,2.47,14.71,6.89,,6.86,1.18,4.97,,,,3.41,,9.69,,,8.95,,2.87,1.98,28.53,2.94,15.27,8.78,,7.22,1.44,5.95,,,,3.89,,10.11,,,9.17,,3.16,2.14,29.23,3.4,15.83,10.67,,7.57,1.69,6.92,
2025-02-15,,,2.88,,9.3,,,8.71,,2.57,1.81,27.77,2.46,14.64,7.13,,6.85,1.17,4.89,,,,3.37,,9.71,,,8.94,,2.87,1.97,28.5,2.93,15.2,9.04,,7.19,1.43,5.86,,,,3.85,,10.13,,,9.16,,3.16,2.14,29.22,3.4,15.77,10.94,,7.54,1.7,6.83,
2025-02-21,,,2.73,,9.34,,,8.69,,2.58,1.79,27.61,2.49,14.42,7.82,,6.78,1.16,4.69,,,,3.24,,9.77,,,8.91,,2.87,1.96,28.41,2.93,15.01,9.82,,7.12,1.43,5.56,,,,3.76,,10.2,,,9.14,,3.17,2.12,29.21,3.37,15.61,11.81,,7.46,1.7,6.43,
2025-02-22,,,2.7,,9.35,,,8.68,,2.58,1.79,27.58,2.5,14.38,7.94,,6.77,1.16,4.65,,,,3.22,,9.78,,,8.91,,2.87,1.96,28.4,2.93,14.98,9.95,,7.11,1.43,5.5,,,,3.74,,10.21,,,9.14,,3.17,2.12,29.21,3.36,15.58,11.96,,7.45,1.69,6.35,
2025-03-02,,,2.57,,9.38,,,8.65,,2.6,1.77,27.41,2.62,14.1,8.84,,6.66,,4.49,,,,3.06,,9.85,,,8.88,,2.88,1.94,28.32,2.97,14.75,11.04,,7.01,,4.93,,,,3.55,,10.31,,,9.1,,3.17,2.1,29.24,3.33,15.39,13.24,,7.36,,5.37,
2025-03-05,,,2.51,,9.39,,,8.64,,2.6,1.76,27.35,2.65,13.99,9.3,,6.61,1.16,4.38,,,,3.0,,9.87,,,8.86,,2.89,1.93,28.3,2.99,14.66,11.43,,6.97,1.42,4.71,,,,3.5,,10.34,,,9.09,,3.17,2.1,29.24,3.34,15.33,13.57,,7.33,1.68,5.04,
2025-03-08,,,2.48,,9.4,,,8.62,,2.61,1.75,27.32,2.69,13.89,9.71,,6.57,1.16,4.25,,,,2.97,,9.89,,,8.85,,2.89,1.92,28.29,3.01,14.58,11.81,,6.93,1.42,4.51,,,,3.45,,10.37,,,9.07,,3.17,2.09,29.25,3.34,15.27,13.92,,7.29,1.68,4.77,
2025-03-09,3.08,,2.47,,9.41,,,8.62,,2.61,1.75,27.32,2.7,13.86,9.82,,6.56,1.16,4.2,,4.59,,2.95,,9.89,,,8.84,,2.89,1.92,28.29,3.02,14.55,11.94,,6.91,1.42,4.44,,6.1,,3.44,,10.37,,,9.07,,3.17,2.09,29.26,3.34,15.25,14.06,,7.27,1.68,4.68,
2025-03-11,,,2.46,,9.42,,,8.61,,2.62,1.74,27.3,2.72,13.8,10.06,,6.53,1.16,4.09,,,,2.93,,9.9,,,8.83,,2.9,1.92,28.28,3.03,14.51,12.19,,6.89,1.42,4.32,,,,3.41,,10.38,,,9.05,,3.17,2.09,29.27,3.35,15.21,14.32,,7.25,1.68,4.55,
2025-03-14,,,2.45,,9.43,,,8.59,,2.63,1.74,27.28,2.72,13.72,10.34,,6.49,,3.91,,,,2.91,,9.91,,,8.82,,2.9,1.91,28.28,3.06,14.44,12.53,,6.85,,4.17,,,,3.36,,10.39,,,9.04,,3.18,2.08,29.27,3.39,15.15,14.71,,7.2,,4.42,
2025-03-15,,,2.45,,9.43,,,8.58,,2.63,1.73,27.28,2.72,13.69,10.44,,6.48,1.16,3.86,,,,2.9,,9.91,,,8.81,,2.9,1.91,28.28,3.06,14.41,12.63,,6.84,1.42,4.12,,,,3.35,,10.4,,,9.03,,3.18,2.08,29.28,3.4,15.13,14.83,,7.19,1.68,4.39,
2025-03-16,,,2.44,,9.44,,,8.58,,2.63,1.73,27.28,2.73,13.67,10.53,,6.47,1.17,3.81,,,,2.89,,9.92,,,8.8,,2.91,1.91,28.28,3.07,14.39,12.73,,6.82,1.42,4.08,,,,3.34,,10.4,,,9.03,,3.18,2.08,29.28,3.41,15.11,14.93,,7.18,1.67,4.35,
2025-03-17,,,2.44,,9.44,,,8.57,,2.64,1.73,27.28,2.73,13.64,10.62,,6.46,1.17,3.77,,,,2.88,,9.92,,,8.8,,2.91,1.9,28.28,3.08,14.37,12.81,,6.81,1.42,4.05,,,,3.32,,10.4,,,9.03,,3.18,2.08,29.28,3.42,15.09,15.0,,7.17,1.67,4.32,
2025-03-18,,,2.44,,9.45,,,8.57,,2.64,1.73,27.29,2.74,13.62,10.72,,6.44,,3.73,,,,2.88,,9.92,,,8.79,,2.91,1.9,28.28,3.08,14.35,12.89,,6.8,,4.02,,,,3.32,,10.4,,,9.02,,3.18,2.08,29.28,3.43,15.07,15.06,,7.15,,4.3,
2025-03-23,,,2.46,,9.47,,,8.54,,2.66,1.71,27.34,2.74,13.52,11.21,,6.38,1.17,3.61,,,,2.87,,9.94,,,8.77,,2.93,1.89,28.31,3.11,14.25,13.26,,6.74,1.42,3.88,,,,3.28,,10.4,,,9.0,,3.19,2.07,29.29,3.47,14.98,15.32,,7.1,1.66,4.15,
2025-03-29,,,2.46,,9.5,,,8.5,,2.68,1.7,27.43,2.73,13.39,11.74,,6.31,1.18,3.42,,,,2.87,,9.94,,,8.74,,2.94,1.88,28.36,3.14,14.14,13.62,,6.67,1.42,3.72,,,,3.28,,10.38,,,8.98,,3.2,2.06,29.29,3.55,14.89,15.49,,7.03,1.66,4.03,
2025-04-02,,,2.45,,9.51,,,8.47,,2.69,1.69,27.5,2.71,13.3,12.02,,6.26,,3.28,,,,2.87,,9.94,,,8.72,,2.95,1.88,28.39,3.16,14.07,13.81,,6.63,,3.63,,,,3.3,,10.38,,,8.96,,3.2,2.06,29.29,3.61,14.83,15.59,,7.0,,3.98,
2025-04-05,,,2.52,,9.51,,,8.45,,2.7,1.69,27.56,2.71,13.25,12.2,,6.22,1.2,3.2,,,,2.89,,9.94,,,8.7,,2.96,1.87,28.42,3.18,14.01,13.92,,6.6,1.42,3.58,,,,3.27,,10.37,,,8.95,,3.21,2.05,29.28,3.64,14.78,15.65,,6.98,1.64,3.96,
2025-04-06,,,2.53,,9.52,,,8.45,,2.7,1.69,27.58,2.72,13.23,12.24,,6.21,1.2,3.19,,,,2.9,,9.94,,,8.7,,2.96,1.87,28.43,3.18,14.0,13.96,,6.59,1.42,3.57,,,,3.27,,10.37,,,8.94,,3.21,2.05,29.28,3.65,14.77,15.67,,6.97,1.64,3.95,
2025-04-08,,,2.55,,9.52,,,8.44,,2.71,1.69,27.62,2.73,13.21,12.33,,6.19,,3.18,,,,2.91,,9.94,,,8.69,,2.97,1.87,28.45,3.2,13.97,14.01,,6.57,,3.54,,,,3.27,,10.36,,,8.93,,3.22,2.05,29.28,3.67,14.73,15.68,,6.96,,3.91,
2025-04-26,,,2.67,,9.48,,,8.33,,2.78,1.68,28.01,2.92,13.1,12.8,,5.93,1.25,2.66,,,,3.02,,9.91,,,8.6,,3.03,1.85,28.67,3.3,13.76,14.29,,6.4,1.43,3.16,,,,3.38,,10.34,,,8.86,,3.28,2.03,29.34,3.68,14.42,15.78,,6.87,1.61,3.67,
2025-04-29,,,2.69,,9.47,,,8.31,,2.8,1.67,28.05,2.94,13.09,12.77,,5.89,,2.5,,,,3.05,,9.91,,,8.58,,3.05,1.85,28.71,3.31,13.73,14.3,,6.38,,3.09,,,,3.4,,10.35,,,8.86,,3.3,2.03,29.37,3.67,14.37,15.83,,6.86,,3.67,
2025-04-30,,,2.7,,9.47,,,8.3,,2.8,1.67,28.06,2.95,13.09,12.77,,5.88,,2.47,,,,3.05,,9.91,,,8.58,,3.05,1.85,28.72,3.31,13.72,14.29,,6.37,,3.06,,,,3.4,,10.35,,,8.85,,3.3,2.03,29.38,3.67,14.36,15.8,,6.86,,3.65,
2025-05-08,,,2.75,,9.43,,,8.26,,2.85,1.67,28.16,3.04,13.09,12.69,,5.79,1.27,2.32,,,,3.1,,9.9,,,8.54,,3.1,1.85,28.83,3.32,13.66,14.13,,6.31,1.43,2.93,,,,3.46,,10.38,,,8.82,,3.34,2.02,29.51,3.6,14.24,15.57,,6.82,1.6,3.53,
2025-05-10,3.79,,2.76,,9.41,,,8.25,,2.86,1.67,28.18,3.06,13.09,12.65,,5.77,1.27,2.28,,5.03,,3.12,,9.9,,,8.53,,3.11,1.85,28.86,3.32,13.65,14.09,,6.29,1.43,2.9,,6.26,,3.48,,10.39,,,8.82,,3.36,2.02,29.54,3.58,14.22,15.53,,6.81,1.6,3.52,
2025-05-13,,,2.8,,9.4,,,8.23,,2.87,1.67,28.21,3.08,13.09,12.58,,5.73,1.27,2.26,,,,3.14,,9.9,,,8.52,,3.12,1.85,28.9,3.32,13.64,14.01,,6.27,1.44,2.87,,,,3.47,,10.4,,,8.81,,3.37,2.02,29.6,3.55,14.19,15.45,,6.8,1.6,3.48,
2025-05-17,2.78,,2.85,,9.38,,,8.21,,2.9,1.67,28.24,3.08,13.08,12.48,,5.69,1.28,2.28,,4.93,,3.15,,9.9,,,8.5,,3.15,1.84,28.96,3.3,13.61,13.91,,6.24,1.44,2.86,,7.08,,3.46,,10.42,,,8.8,,3.4,2.02,29.68,3.52,14.15,15.34,,6.79,1.59,3.44,
2025-05-20,,,2.88,,9.36,,,8.2,,2.91,1.67,28.26,3.05,13.08,12.4,,5.66,1.28,2.31,,,,3.17,,9.9,,,8.49,,3.16,1.84,29.01,3.28,13.6,13.82,,6.22,1.44,2.87,,,,3.46,,10.44,,,8.79,,3.41,2.01,29.75,3.52,14.12,15.23,,6.78,1.59,3.42,
2025-05-23,,,2.89,,9.35,,,8.18,,2.93,1.67,28.28,3.03,13.08,12.33,,5.63,1.28,2.33,,,,3.18,,9.9,,,8.48,,3.18,1.84,29.05,3.26,13.59,13.72,,6.2,1.44,2.88,,,,3.46,,10.46,,,8.78,,3.43,2.01,29.82,3.5,14.1,15.11,,6.77,1.59,3.43,
2025-05-25,,,2.91,,9.34,,,8.17,,2.94,1.67,28.29,3.01,13.07,12.26,,5.61,1.28,2.37,,,,3.18,,9.91,,,8.47,,3.19,1.84,29.08,3.25,13.58,13.65,,6.19,1.44,2.89,,,,3.46,,10.48,,,8.78,,3.45,2.01,29.87,3.48,14.09,15.04,,6.76,1.59,3.41,
2025-05-27,,,2.92,,9.32,,,8.16,,2.95,1.67,28.3,3.0,13.08,12.19,,5.59,,2.42,,,,3.18,,9.91,,,8.47,,3.2,1.84,29.11,3.23,13.58,13.57,,6.17,,2.91,,,,3.45,,10.49,,,8.78,,3.46,2.01,29.91,3.46,14.08,14.96,,6.75,,3.41,
2025-05-31,,,2.92,,9.31,,,8.14,,2.96,1.67,28.33,2.96,13.08,12.04,,5.56,,2.51,,,,3.19,,9.92,,,8.45,,3.23,1.84,29.16,3.19,13.57,13.43,,6.15,,2.98,,,,3.45,,10.53,,,8.77,,3.5,2.01,29.99,3.43,14.06,14.82,,6.73,,3.44,
2025-06-01,,,2.93,,9.3,,,8.14,,2.96,1.67,28.33,2.94,13.09,12.0,,5.56,,2.53,,,,3.19,,9.92,,,8.45,,3.24,1.84,29.17,3.18,13.57,13.39,,6.14,,2.99,,,,3.45,,10.54,,,8.77,,3.51,2.01,30.01,3.42,14.06,14.78,,6.73,,3.46,
2025-06-03,,,2.93,,9.3,,,8.13,,2.97,1.67,28.34,2.91,13.09,11.94,,5.55,1.28,2.55,,,,3.19,,9.93,,,8.45,,3.25,1.84,29.19,3.16,13.58,13.32,,6.13,1.43,3.02,,,,3.45,,10.55,,,8.76,,3.52,2.01,30.05,3.41,14.06,14.7,,6.72,1.59,3.48,
2025-06-06,,,2.93,,9.29,,,8.12,,2.98,1.67,28.36,2.86,13.1,11.84,,5.54,1.28,2.59,,,,3.19,,9.94,,,8.44,,3.27,1.84,29.23,3.14,13.58,13.21,,6.12,1.43,3.06,,,,3.45,,10.58,,,8.76,,3.56,2.0,30.1,3.41,14.06,14.58,,6.7,1.59,3.53,
2025-06-11,,,2.91,,9.31,,,8.11,,2.98,1.67,28.36,2.77,13.12,11.69,,5.54,,2.57,,,,3.19,,9.96,,,8.43,,3.3,1.83,29.27,3.09,13.59,13.03,,6.1,,3.11,,,,3.47,,10.62,,,8.75,,3.61,2.0,30.19,3.42,14.06,14.37,,6.67,,3.65,
2025-06-12,,,2.9,,9.31,,,8.1,,2.98,1.67,28.36,2.75,13.12,11.66,,5.54,,2.56,,,,3.19,,9.97,,,8.43,,3.3,1.83,29.28,3.08,13.59,13.0,,6.1,,3.12,,,,3.48,,10.63,,,8.75,,3.62,2.0,30.21,3.42,14.06,14.33,,6.66,,3.68,
2025-06-14,-1.36,,2.89,,9.31,,,8.1,,2.98,1.67,28.36,2.7,13.13,11.59,,5.55,1.27,2.54,,5.15,,3.19,,9.98,,,8.42,,3.31,1.83,29.3,3.07,13.59,12.92,,6.09,1.43,3.14,,11.66,,3.5,,10.64,,,8.74,,3.64,2.0,30.23,3.44,14.06,14.26,,6.64,1.59,3.74,
2025-06-15,,,2.88,,9.32,,,8.1,,2.98,1.67,28.37,2.67,13.14,11.55,,5.55,,2.52,,,,3.19,,9.98,,,8.42,,3.32,1.83,29.3,3.06,13.6,12.88,,6.09,,3.15,,,,3.5,,10.65,,,8.74,,3.65,2.0,30.23,3.44,14.05,14.22,,6.63,,3.78,
2025-06-21,,,2.84,,9.33,,,8.1,,2.98,1.67,28.42,2.51,13.19,11.34,,5.56,1.26,2.33,,,,3.2,,10.01,,,8.41,,3.35,1.83,29.32,2.99,13.61,12.66,,6.07,1.43,3.21,,,,3.55,,10.7,,,8.73,,3.71,1.99,30.22,3.48,14.03,13.99,,6.59,1.59,4.09,
2025-06-29,,,2.79,,9.34,,,8.09,,3.0,1.66,28.46,2.31,13.24,11.11,,5.56,1.26,2.13,,,,3.18,,10.05,,,8.4,,3.37,1.82,29.35,2.9,13.63,12.39,,6.05,1.42,3.3,,,,3.57,,10.77,,,8.71,,3.73,1.98,30.25,3.5,14.03,13.67,,6.54,1.58,4.46,
2025-07-03,,,2.77,,9.35,,,8.09,,3.02,1.66,28.48,2.22,13.26,11.02,,5.56,1.25,2.11,,,,3.17,,10.07,,,8.4,,3.37,1.82,29.37,2.86,13.65,12.26,,6.04,1.42,3.37,,,,3.58,,10.79,,,8.7,,3.72,1.98,30.26,3.49,14.03,13.51,,6.51,1.58,4.63,
2025-07-12,0.39,,2.7,,9.37,,,8.08,,3.06,1.66,28.5,2.01,13.3,10.82,,5.55,1.24,2.25,,5.6,,3.15,,10.11,,,8.39,,3.38,1.82,29.4,2.75,13.68,12.01,,6.0,1.41,3.62,,10.81,,3.61,,10.86,,,8.69,,3.7,1.97,30.3,3.49,14.05,13.19,,6.45,1.58,4.99,
2025-07-13,,,2.69,,9.37,,,8.08,,3.06,1.66,28.5,2.0,13.31,10.8,,5.55,,2.28,,,,3.15,,10.12,,,8.39,,3.38,1.82,29.4,2.74,13.68,11.98,,6.0,,3.65,,,,3.61,,10.87,,,8.69,,3.7,1.97,30.31,3.47,14.05,13.16,,6.45,,5.02,
2025-07-22,,,2.59,,9.39,,,8.08,,3.08,1.66,28.53,1.96,13.35,10.56,,5.53,,2.7,,,,3.1,,10.17,,,8.38,,3.4,1.81,29.42,2.61,13.71,11.74,,5.97,,3.85,,,,3.6,,10.94,,,8.68,,3.73,1.97,30.31,3.26,14.08,12.92,,6.4,,5.01,
2025-08-23,,,2.16,,9.4,,,8.04,,3.12,1.65,28.58,1.8,13.49,9.55,,5.42,,3.55,,,,2.96,,10.34,,,8.36,,3.48,1.8,29.43,2.29,13.82,10.76,,5.86,,4.5,,,,3.75,,11.28,,,8.68,,3.85,1.94,30.28,2.78,14.14,11.98,,6.3,,5.45,
2025-08-30,,,2.1,,9.39,,,8.04,,3.12,1.64,28.57,1.88,13.52,9.3,,5.38,1.15,3.86,,,,2.91,,10.38,,,8.35,,3.49,1.79,29.43,2.26,13.84,10.55,,5.83,1.37,4.47,,,,3.73,,11.37,,,8.67,,3.86,1.94,30.29,2.63,14.16,11.81,,6.28,1.59,5.07,
2025-09-09,1.41,,2.02,,9.37,,,8.04,,3.12,1.64,28.56,1.92,13.55,8.81,,5.32,1.13,3.91,,6.94,,2.84,,10.43,,,8.35,,3.49,1.78,29.43,2.24,13.88,10.22,,5.79,1.36,4.32,,12.48,,3.65,,11.49,,,8.66,,3.87,1.93,30.31,2.57,14.2,11.64,,6.27,1.59,4.73,
2025-09-10,2.46,,2.02,,9.37,,,8.04,,3.12,1.63,28.56,1.93,13.56,8.8,,5.31,1.13,3.93,,6.11,,2.83,,10.44,,,8.35,,3.49,1.78,29.43,2.25,13.88,10.2,,5.79,1.36,4.3,,9.76,,3.64,,11.51,,,8.66,,3.87,1.93,30.31,2.57,14.21,11.6,,6.27,1.59,4.68,
2025-09-13,3.47,,2.03,,9.36,,,8.04,,3.11,1.63,28.56,1.93,13.57,8.77,,5.3,1.12,3.95,,6.46,,2.81,,10.45,,,8.35,,3.48,1.78,29.44,2.26,13.89,10.13,,5.77,1.35,4.25,,9.45,,3.58,,11.54,,,8.66,,3.85,1.93,30.31,2.59,14.22,11.49,,6.25,1.59,4.55,
2025-09-15,,,2.05,,9.35,,,8.04,,3.11,1.63,28.57,1.93,13.57,8.76,,5.29,1.11,3.92,,,,2.8,,10.46,,,8.35,,3.47,1.78,29.44,2.27,13.9,10.08,,5.76,1.35,4.22,,,,3.55,,11.56,,,8.66,,3.83,1.93,30.31,2.61,14.23,11.41,,6.23,1.59,4.51,
2025-09-16,3.78,,2.06,,9.35,,,8.04,,3.11,1.63,28.57,1.93,13.58,8.75,,5.28,,3.92,,6.57,,2.79,,10.46,,,8.35,,3.47,1.78,29.44,2.27,13.9,10.06,,5.75,,4.21,,9.36,,3.53,,11.58,,,8.66,,3.82,1.93,30.3,2.61,14.23,11.37,,6.23,,4.51,
2025-09-17,,,2.07,,9.34,,,8.05,,3.11,1.63,28.57,1.92,13.58,8.74,,5.27,1.11,3.9,,,,2.79,,10.46,,,8.35,,3.47,1.78,29.44,2.27,13.91,10.04,,5.75,1.35,4.21,,,,3.51,,11.59,,,8.66,,3.82,1.93,30.3,2.62,14.23,11.33,,6.22,1.58,4.51,
2025-09-20,,,2.1,,9.33,,,8.05,,3.11,1.63,28.59,1.92,13.59,8.73,,5.25,,3.87,,,,2.78,,10.47,,,8.35,,3.46,1.78,29.44,2.28,13.92,9.97,,5.73,,4.2,,,,3.46,,11.61,,,8.65,,3.8,1.92,30.3,2.64,14.24,11.21,,6.21,,4.54,
2025-09-23,,,2.13,,9.32,,,8.05,,3.11,1.62,28.62,1.92,13.6,8.71,,5.24,,3.82,,,,2.78,,10.48,,,8.35,,3.45,1.77,29.45,2.29,13.93,9.9,,5.71,,4.21,,,,3.42,,11.64,,,8.65,,3.78,1.92,30.28,2.65,14.26,11.09,,6.19,,4.6,
2025-09-25,3.22,,2.15,,9.31,,,8.05,,3.11,1.62,28.64,1.92,13.61,8.69,,5.22,,3.81,,7.31,,2.78,,10.48,,,8.35,,3.44,1.77,29.46,2.29,13.93,9.86,,5.7,,4.21,,11.4,,3.4,,11.66,,,8.65,,3.77,1.92,30.27,2.65,14.26,11.02,,6.18,,4.62,
2025-10-04,3.34,,2.19,,9.25,,,8.05,,3.11,1.61,28.75,1.94,13.63,8.61,,5.14,,3.69,,8.93,,2.77,,10.49,,,8.36,,3.41,1.76,29.49,2.28,13.96,9.67,,5.64,,4.19,,14.51,,3.35,,11.72,,,8.67,,3.72,1.91,30.23,2.62,14.3,10.73,,6.13,,4.68,
2025-10-08,2.77,,2.2,,9.23,,,8.05,,3.11,1.61,28.8,1.94,13.64,8.57,,5.1,,3.61,,8.87,,2.77,,10.49,,,8.36,,3.4,1.76,29.5,2.28,13.97,9.59,,5.61,,4.19,,14.98,,3.35,,11.74,,,8.68,,3.7,1.91,30.21,2.62,14.3,10.6,,6.11,,4.77,
2025-10-09,2.61,,2.2,,9.22,,,8.05,,3.11,1.61,28.81,1.94,13.64,8.56,,5.1,,3.59,,8.91,,2.78,,10.48,,,8.37,,3.4,1.76,29.51,2.28,13.97,9.57,,5.6,,4.19,,15.21,,3.35,,11.75,,,8.68,,3.69,1.91,30.2,2.62,14.3,10.58,,6.11,,4.79,
2025-10-14,0.77,,2.19,,9.19,,,8.05,,3.11,1.6,28.88,1.92,13.66,8.49,,5.05,,3.59,,8.67,,2.78,,10.47,,,8.37,,3.38,1.75,29.53,2.26,13.98,9.48,,5.57,,4.26,,16.57,,3.37,,11.76,,,8.69,,3.66,1.9,30.18,2.6,14.31,10.46,,6.08,,4.92,
2025-10-15,0.61,,2.18,,9.18,,,8.05,,3.1,1.6,28.89,1.92,13.66,8.48,,5.05,1.03,3.59,,8.54,,2.78,,10.47,,,8.37,,3.38,1.75,29.53,2.26,13.98,9.46,,5.56,1.3,4.27,,16.46,,3.37,,11.76,,,8.69,,3.66,1.9,30.17,2.6,14.31,10.43,,6.07,1.57,4.95,
2025-10-17,,,2.17,,9.16,,,8.05,,3.11,1.6,28.92,1.92,13.66,8.46,,5.03,1.02,3.61,,,,2.78,,10.47,,,8.37,,3.38,1.75,29.54,2.26,13.99,9.42,,5.55,1.3,4.31,,,,3.38,,11.77,,,8.7,,3.65,1.9,30.16,2.6,14.31,10.39,,6.06,1.57,5.02,
2025-10-18,,,2.17,,9.16,,,8.05,,3.11,1.6,28.93,1.92,13.66,8.44,,5.02,1.02,3.64,,,,2.77,,10.46,,,8.37,,3.37,1.75,29.55,2.26,13.99,9.41,,5.54,1.29,4.34,,,,3.38,,11.77,,,8.7,,3.64,1.89,30.16,2.6,14.31,10.37,,6.06,1.57,5.04,
2025-10-25,,,2.12,,9.1,,,8.05,,3.09,1.59,29.02,1.93,13.65,8.39,,4.96,,3.79,,,,2.75,,10.44,,,8.38,,3.35,1.73,29.58,2.27,13.99,9.32,,5.49,,4.52,,,,3.39,,11.79,,,8.71,,3.61,1.88,30.13,2.61,14.32,10.25,,6.02,,5.24,
2025-10-26,,,2.11,,9.1,,,8.05,,3.09,1.59,29.03,1.93,13.65,8.38,,4.95,,3.8,,,,2.75,,10.44,,,8.38,,3.35,1.73,29.58,2.27,13.99,9.31,,5.48,,4.54,,,,3.38,,11.79,,,8.71,,3.61,1.88,30.13,2.62,14.32,10.23,,6.01,,5.27,
2025-10-31,,,2.09,,9.05,,,8.04,,3.09,1.58,29.09,1.95,13.64,8.35,,4.91,,3.82,,,,2.7,,10.42,,,8.38,,3.34,1.72,29.6,2.29,13.98,9.27,,5.44,,4.65,,,,3.3,,11.79,,,8.72,,3.6,1.87,30.11,2.64,14.33,10.18,,5.98,,5.47,
2025-11-08,6.18,,2.03,,8.98,,,8.03,,3.07,1.56,29.17,1.93,13.61,8.4,,4.84,,3.66,,8.88,,2.63,,10.39,,,8.38,,3.33,1.71,29.64,2.32,13.97,9.31,,5.38,,4.76,,11.58,,3.23,,11.79,,,8.74,,3.59,1.85,30.11,2.72,14.33,10.23,,5.93,,5.87,
2025-11-09,6.15,,2.02,,8.97,,,8.03,,3.07,1.56,29.18,1.94,13.61,8.41,,4.83,0.95,3.64,,8.76,,2.62,,10.38,,,8.38,,3.33,1.7,29.64,2.33,13.97,9.32,,5.38,1.25,4.78,,11.37,,3.22,,11.79,,,8.74,,3.59,1.85,30.11,2.72,14.33,10.23,,5.92,1.54,5.91,
2025-11-10,6.09,,2.01,,8.96,,,8.03,,3.06,1.56,29.19,1.95,13.6,8.43,,4.82,0.95,3.63,,8.45,,2.61,,10.38,,,8.38,,3.33,1.7,29.65,2.34,13.97,9.33,,5.37,1.24,4.76,,10.81,,3.21,,11.79,,,8.74,,3.59,1.84,30.11,2.73,14.33,10.24,,5.92,1.54,5.9,
2025-11-14,4.86,,1.98,,8.92,,,8.02,,3.05,1.55,29.22,1.96,13.59,8.49,,4.8,0.94,3.44,,7.39,,2.57,,10.36,,,8.38,,3.32,1.69,29.67,2.37,13.96,9.38,,5.34,1.23,4.67,,9.91,,3.15,,11.79,,,8.74,,3.59,1.83,30.12,2.77,14.34,10.27,,5.89,1.53,5.9,
2025-11-15,4.14,,1.97,,8.91,,,8.02,,3.05,1.55,29.23,1.96,13.58,8.51,,4.79,0.94,3.36,,7.22,,2.56,,10.35,,,8.38,,3.32,1.69,29.68,2.37,13.96,9.4,,5.33,1.23,4.63,,10.3,,3.14,,11.79,,,8.74,,3.59,1.83,30.13,2.78,14.34,10.28,,5.88,1.53,5.91,
2025-11-17,4.39,,1.95,,8.9,,,8.01,,3.04,1.54,29.25,1.97,13.58,8.55,,4.79,0.93,3.27,,7.3,,2.53,,10.34,,,8.38,,3.32,1.69,29.69,2.36,13.96,9.43,,5.32,1.23,4.58,,10.21,,3.11,,11.78,,,8.74,,3.59,1.83,30.14,2.76,14.34,10.31,,5.86,1.53,5.9,
2025-11-19,4.12,,1.94,,8.88,,,8.01,,3.04,1.54,29.26,1.97,13.57,8.58,,4.78,,3.18,,7.64,,2.5,,10.33,,,8.38,,3.32,1.68,29.71,2.36,13.95,9.47,,5.31,,4.54,,11.15,,3.07,,11.78,,,8.74,,3.6,1.82,30.15,2.75,14.33,10.36,,5.84,,5.9,
2025-11-22,2.54,,1.92,,8.87,,,8.0,,3.03,1.53,29.28,1.96,13.56,8.63,,4.76,0.92,3.01,,8.62,,2.47,,10.32,,,8.37,,3.31,1.67,29.73,2.35,13.95,9.53,,5.29,1.22,4.46,,14.69,,3.02,,11.77,,,8.74,,3.6,1.81,30.17,2.74,14.33,10.43,,5.81,1.51,5.92,
2025-11-25,5.57,,1.91,,8.85,,,8.0,,3.03,1.52,29.3,1.94,13.56,8.67,,4.75,,3.04,,9.24,,2.43,,10.31,,,8.37,,3.31,1.66,29.75,2.33,13.94,9.59,,5.27,,4.45,,12.9,,2.96,,11.76,,,8.73,,3.59,1.81,30.19,2.72,14.32,10.51,,5.79,,5.86,
2025-12-06,5.58,,1.82,,8.81,,,7.98,,3.02,1.48,29.35,1.74,13.52,8.87,,4.67,,3.11,,8.8,,2.33,,10.26,,,8.34,,3.29,1.63,29.84,2.24,13.9,9.87,,5.19,,4.49,,12.03,,2.85,,11.71,,,8.7,,3.56,1.77,30.33,2.75,14.27,10.87,,5.71,,5.87,
2025-12-07,5.49,,1.82,,8.81,,,7.98,,3.02,1.48,29.35,1.72,13.51,8.88,,4.66,0.9,3.18,,8.41,,2.33,,10.26,,,8.34,,3.29,1.62,29.85,2.24,13.89,9.89,,5.18,1.19,4.48,,11.32,,2.84,,11.7,,,8.7,,3.56,1.77,30.35,2.75,14.27,10.91,,5.71,1.48,5.77,
2025-12-08,4.37,,1.81,,8.8,,,7.98,,3.01,1.48,29.35,1.7,13.51,8.89,,4.65,,3.24,,7.91,,2.32,,10.25,,,8.34,,3.28,1.62,29.86,2.23,13.89,9.92,,5.18,,4.47,,11.45,,2.83,,11.7,,,8.7,,3.55,1.76,30.37,2.75,14.27,10.95,,5.7,,5.7,
2025-12-11,4.95,,1.79,,8.8,,,7.97,,3.01,1.47,29.35,1.67,13.49,8.92,,4.63,,3.36,,8.07,,2.29,,10.24,,,8.33,,3.28,1.61,29.89,2.19,13.87,9.99,,5.16,,4.42,,11.2,,2.8,,11.68,,,8.69,,3.55,1.75,30.43,2.72,14.25,11.06,,5.68,,5.48,
2025-12-12,4.68,,1.78,,8.8,,,7.97,,3.01,1.46,29.35,1.66,13.49,8.94,,4.63,0.89,3.4,,7.63,,2.29,,10.23,,,8.33,,3.28,1.61,29.9,2.19,13.87,10.01,,5.15,1.18,4.41,,10.59,,2.79,,11.67,,,8.69,,3.55,1.75,30.45,2.71,14.25,11.09,,5.68,1.47,5.42,
2025-12-13,4.83,,1.78,,8.8,,,7.97,,3.01,1.46,29.36,1.65,13.49,8.96,,4.62,0.89,3.4,,7.6,,2.28,,10.23,,,8.33,,3.28,1.6,29.91,2.18,13.86,10.03,,5.15,1.18,4.4,,10.36,,2.78,,11.66,,,8.69,,3.55,1.75,30.47,2.7,14.24,11.11,,5.67,1.47,5.4,
2025-12-17,5.12,,1.75,,8.8,,,7.96,,3.01,1.45,29.38,1.62,13.47,9.03,,4.62,,3.44,,8.4,,2.28,,10.21,,,8.32,,3.28,1.59,29.97,2.15,13.85,10.11,,5.13,,4.41,,11.68,,2.8,,11.61,,,8.67,,3.55,1.73,30.55,2.68,14.23,11.19,,5.64,,5.38,
2025-12-25,4.84,,1.76,,8.8,,,7.95,,2.99,1.42,29.44,1.65,13.42,9.16,,4.62,0.87,3.29,,8.72,,2.24,,10.16,,,8.29,,3.28,1.56,30.09,2.1,13.81,10.23,,5.09,1.15,4.38,,12.59,,2.72,,11.52,,,8.64,,3.56,1.69,30.73,2.56,14.21,11.3,,5.57,1.44,5.46,
2026-01-10,7.5,,1.72,,8.79,,,7.92,,2.96,1.36,29.61,1.64,13.3,9.39,,4.6,,3.25,,11.08,,2.17,,10.04,,,8.24,,3.28,1.49,30.33,2.05,13.75,10.36,,5.03,,4.07,,14.66,,2.62,,11.3,,,8.57,,3.59,1.63,31.05,2.46,14.2,11.33,,5.46,,4.9,
2026-01-11,7.12,,1.72,,8.79,,,7.92,,2.96,1.36,29.62,1.64,13.29,9.4,,4.6,0.84,3.23,,11.6,,2.17,,10.04,,,8.24,,3.28,1.49,30.34,2.05,13.74,10.36,,5.03,1.12,4.05,,16.08,,2.62,,11.28,,,8.56,,3.6,1.62,31.07,2.46,14.2,11.33,,5.45,1.4,4.88,
2026-01-13,7.57,,1.7,,8.79,,,7.91,,2.96,1.35,29.63,1.65,13.28,9.41,,4.6,,3.19,,10.96,,2.16,,10.02,,,8.23,,3.28,1.48,30.37,2.04,13.74,10.37,,5.02,,4.0,,14.34,,2.62,,11.25,,,8.56,,3.6,1.61,31.11,2.44,14.2,11.33,,5.44,,4.81,
2026-01-15,8.31,,1.7,,8.78,,,7.9,,2.95,1.34,29.65,1.67,13.26,9.42,,4.6,0.84,3.22,,10.82,,2.16,,10.0,,,8.22,,3.28,1.47,30.4,2.04,13.73,10.37,,5.01,1.11,3.96,,13.34,,2.62,,11.22,,,8.55,,3.61,1.6,31.15,2.41,14.2,11.32,,5.42,1.39,4.71,
2026-01-17,8.22,,1.69,,8.78,,,7.89,,2.94,1.34,29.67,1.68,13.24,9.42,,4.59,0.84,3.23,,10.62,,2.15,,9.98,,,8.22,,3.28,1.47,30.42,2.04,13.72,10.36,,5.0,1.11,3.92,,13.02,,2.61,,11.19,,,8.54,,3.61,1.6,31.18,2.4,14.2,11.3,,5.41,1.38,4.61,
2026-01-24,6.49,,1.68,,8.77,,,7.87,,2.92,1.31,29.73,1.67,13.2,9.41,,4.58,,3.36,,10.59,,2.14,,9.92,,,8.19,,3.27,1.44,30.5,2.02,13.7,10.33,,4.97,,3.85,,14.69,,2.6,,11.07,,,8.51,,3.63,1.57,31.28,2.36,14.2,11.25,,5.36,,4.34,
2026-01-25,6.19,,1.68,,8.77,,,7.86,,2.92,1.31,29.73,1.67,13.19,9.41,,4.58,,3.36,,9.83,,2.14,,9.91,,,8.18,,3.27,1.43,30.51,2.01,13.7,10.32,,4.96,,3.84,,13.47,,2.6,,11.05,,,8.5,,3.63,1.56,31.3,2.36,14.2,11.24,,5.35,,4.31,
2026-01-27,6.27,,1.68,,8.77,,,7.86,,2.91,1.3,29.75,1.66,13.18,9.41,,4.57,,3.37,,9.7,,2.14,,9.89,,,8.17,,3.27,1.43,30.54,2.0,13.69,10.31,,4.95,,3.82,,13.12,,2.6,,11.01,,,8.49,,3.63,1.55,31.33,2.35,14.2,11.2,,5.33,,4.27,
2026-01-29,7.57,,1.68,,8.76,,,7.85,,2.91,1.29,29.76,1.65,13.17,9.42,,4.57,,3.39,,10.24,,2.13,,9.87,,,8.17,,3.27,1.42,30.55,1.99,13.68,10.28,,4.94,,3.82,,12.9,,2.59,,10.98,,,8.48,,3.63,1.55,31.35,2.34,14.2,11.15,,5.32,,4.24,
2026-02-06,6.55,,1.67,,8.74,,,7.82,,2.88,1.26,29.77,1.6,13.14,9.42,,4.53,,3.37,,10.84,,2.12,,9.79,,,8.13,,3.26,1.38,30.63,1.94,13.67,10.18,,4.9,,3.8,,15.13,,2.56,,10.84,,,8.44,,3.64,1.51,31.48,2.29,14.19,10.94,,5.27,,4.24,
2026-02-08,5.95,,1.67,,8.73,,,7.81,,2.88,1.25,29.77,1.59,13.13,9.41,,4.52,0.79,3.34,,10.33,,2.11,,9.77,,,8.12,,3.26,1.38,30.64,1.93,13.66,10.15,,4.89,1.07,3.8,,14.72,,2.56,,10.81,,,8.43,,3.63,1.5,31.5,2.28,14.19,10.9,,5.26,1.34,4.25,
2026-02-13,2.5,,1.66,,8.7,,,7.79,,2.87,1.23,29.77,1.57,13.12,9.37,,4.49,0.78,3.33,,8.51,,2.11,,9.71,,,8.1,,3.25,1.36,30.67,1.91,13.66,10.08,,4.86,1.06,3.79,,14.52,,2.56,,10.72,,,8.4,,3.64,1.48,31.56,2.25,14.2,10.78,,5.23,1.34,4.26,
2026-02-14,3.96,,1.66,,8.7,,,7.79,,2.86,1.22,29.77,1.56,13.12,9.37,,4.48,0.78,3.32,,8.93,,2.11,,9.7,,,8.09,,3.25,1.35,30.67,1.9,13.66,10.06,,4.85,1.06,3.79,,13.89,,2.56,,10.71,,,8.39,,3.64,1.48,31.57,2.24,14.19,10.75,,5.22,1.33,4.26,
2026-02-20,5.61,,1.64,,8.66,,,7.77,,2.85,1.2,29.75,1.52,13.1,9.28,,4.42,,3.28,,10.21,,2.1,,9.64,,,8.06,,3.24,1.33,30.69,1.88,13.65,9.94,,4.81,,3.79,,14.81,,2.56,,10.61,,,8.35,,3.64,1.46,31.63,2.23,14.19,10.59,,5.19,,4.29,
2026-03-04,7.02,,1.59,,8.57,,,7.71,,2.82,1.14,29.72,1.45,13.03,9.05,,4.29,,3.16,,10.45,,2.07,,9.51,,,8.0,,3.22,1.28,30.73,1.87,13.63,9.67,,4.71,,3.73,,13.89,,2.56,,10.45,,,8.3,,3.63,1.41,31.74,2.3,14.22,10.3,,5.13,,4.29,
2026-03-05,7.0,,1.58,,8.56,,,7.7,,2.82,1.14,29.72,1.43,13.02,9.03,,4.27,0.75,3.14,,10.58,,2.07,,9.5,,,8.0,,3.22,1.27,30.73,1.87,13.63,9.65,,4.7,1.02,3.72,,14.16,,2.55,,10.43,,,8.29,,3.63,1.41,31.75,2.32,14.23,10.26,,5.13,1.3,4.3,
2026-03-07,8.49,,1.57,,8.54,,,7.69,,2.81,1.13,29.71,1.41,12.99,8.97,,4.24,,3.13,,11.77,,2.06,,9.47,,,7.98,,3.22,1.27,30.73,1.88,13.62,9.59,,4.68,,3.7,,15.06,,2.55,,10.41,,,8.28,,3.63,1.4,31.75,2.35,14.24,10.21,,5.11,,4.27,
2026-03-08,8.7,,1.56,,8.53,,,7.68,,2.81,1.13,29.71,1.39,12.98,8.93,,4.23,,3.11,,11.62,,2.05,,9.46,,,7.98,,3.22,1.26,30.73,1.88,13.62,9.56,,4.67,,3.68,,14.54,,2.54,,10.4,,,8.27,,3.62,1.4,31.75,2.37,14.25,10.19,,5.11,,4.25,
2026-03-09,8.56,,1.56,,8.52,,,7.68,,2.81,1.12,29.7,1.39,12.96,8.89,,4.21,0.74,3.1,,11.4,,2.05,,9.45,,,7.97,,3.22,1.26,30.72,1.89,13.61,9.53,,4.66,1.02,3.67,,14.23,,2.53,,10.38,,,8.27,,3.62,1.39,31.75,2.39,14.26,10.17,,5.1,1.29,4.24,
2026-03-14,6.28,,,,8.46,,,7.64,,2.8,1.1,29.68,1.32,12.88,8.65,,4.1,0.74,3.01,,9.0,,,,9.39,,,7.94,,3.2,1.24,30.72,1.91,13.59,9.39,,4.59,1.01,3.58,,11.73,,,,10.32,,,8.24,,3.6,1.37,31.75,2.49,14.29,10.14,,5.07,1.29,4.15,
2026-03-17,4.88,,1.54,,8.42,,,7.62,,2.79,1.08,29.66,1.29,12.83,8.47,,4.04,,2.92,,8.38,,2.01,,9.36,,,7.92,,3.19,1.22,30.71,1.92,13.56,9.31,,4.53,,3.53,,11.89,,2.48,,10.29,,,8.22,,3.59,1.36,31.75,2.56,14.3,10.14,,5.02,,4.14,
2026-03-18,5.7,,1.54,,8.41,,,7.61,,2.79,1.08,29.66,1.28,12.81,8.41,,4.02,,2.88,,8.85,,2.01,,9.34,,,7.91,,3.19,1.22,30.7,1.93,13.55,9.28,,4.52,,3.51,,12.0,,2.48,,10.28,,,8.21,,3.59,1.36,31.74,2.58,14.3,10.14,,5.01,,4.14,
2026-03-20,5.26,,1.54,,8.38,,,7.59,,2.79,1.07,29.65,1.25,12.78,8.31,,3.97,,2.85,,9.62,,2.0,,9.32,,,7.89,,3.18,1.21,30.69,1.93,13.54,9.2,,4.48,,3.49,,13.99,,2.46,,10.25,,,8.19,,3.58,1.35,31.72,2.61,14.3,10.09,,4.99,,4.12,
2026-03-28,-0.11,,1.52,,8.27,,,7.51,,2.77,1.03,29.66,1.12,12.64,7.89,,3.76,0.72,2.7,,8.96,,1.98,,9.21,,,7.83,,3.15,1.18,30.62,1.96,13.48,8.88,,4.34,0.99,3.42,,18.03,,2.44,,10.15,,,8.14,,3.54,1.32,31.58,2.8,14.31,9.88,,4.92,1.26,4.13,
2026-03-29,1.31,,1.52,,8.26,,,7.5,,2.77,1.03,29.66,1.12,12.63,7.82,,3.73,,2.69,,9.48,,1.97,,9.2,,,7.82,,3.15,1.17,30.61,1.96,13.47,8.84,,4.32,,3.41,,17.65,,2.43,,10.14,,,8.14,,3.53,1.32,31.56,2.8,14.31,9.87,,4.91,,4.13,
2026-03-30,2.54,,1.51,,8.25,,,7.49,,2.76,1.02,29.66,1.12,12.61,7.76,,3.7,0.72,2.71,,10.5,,1.97,,9.19,,,7.81,,3.15,1.17,30.6,1.96,13.46,8.81,,4.3,0.99,3.41,,18.46,,2.43,,10.12,,,8.13,,3.53,1.32,31.54,2.79,14.31,9.85,,4.9,1.26,4.11,
2026-04-02,4.55,,1.5,,8.2,,,7.45,,2.75,1.01,29.66,1.13,12.55,7.56,,3.61,,2.79,,11.05,,1.96,,9.14,,,7.78,,3.13,1.16,30.57,1.95,13.43,8.67,,4.23,,3.43,,17.54,,2.41,,10.08,,,8.1,,3.51,1.31,31.48,2.78,14.31,9.79,,4.85,,4.08,
2026-04-03,5.03,,1.5,,8.19,,,7.44,,2.75,1.0,29.66,1.15,12.53,7.5,,3.58,,2.81,,11.36,,1.95,,9.13,,,7.77,,3.13,1.15,30.56,1.94,13.42,8.63,,4.21,,3.44,,17.69,,2.41,,10.06,,,8.09,,3.51,1.3,31.46,2.73,14.3,9.76,,4.84,,4.07,
2026-04-17,7.2,,1.39,,8.03,,-54.25,7.28,,2.7,0.93,29.64,1.25,12.26,6.45,,3.15,,2.96,,11.72,,1.88,,8.93,,7.4,7.61,,3.06,1.09,30.4,1.87,13.22,7.95,,3.83,,3.55,,16.24,,2.37,,9.83,,69.06,7.94,,3.41,1.25,31.17,2.49,14.18,9.46,,4.51,,4.13,
2026-04-19,6.55,,1.38,,8.0,,,7.25,,2.69,0.92,29.63,1.27,12.23,6.32,,3.09,0.68,3.02,,11.94,,1.87,,8.9,,,7.58,,3.05,1.08,30.38,1.86,13.19,7.85,,3.77,0.97,3.57,,17.33,,2.36,,9.8,,,7.91,,3.4,1.25,31.13,2.45,14.15,9.39,,4.46,1.25,4.12,
2026-04-21,5.46,,1.37,,7.98,,,7.23,,2.68,0.91,29.62,1.3,12.18,6.19,,3.03,,3.08,,10.89,,1.86,,8.87,,,7.56,,3.04,1.08,30.35,1.85,13.15,7.73,,3.71,,3.6,,16.32,,2.35,,9.77,,,7.89,,3.39,1.24,31.08,2.41,14.12,9.27,,4.39,,4.12,
2026-04-24,3.7,,,,7.95,,,7.19,,2.67,0.9,29.6,1.31,12.13,6.0,,2.95,0.67,3.19,,9.69,,,,8.83,,,7.52,,3.02,1.06,30.31,1.83,13.1,7.57,,3.61,0.96,3.65,,15.68,,,,9.72,,,7.85,,3.37,1.23,31.03,2.35,14.06,9.13,,4.27,1.25,4.11,
2026-04-25,2.06,,1.34,,7.94,,,7.18,,2.67,0.89,29.59,1.31,12.11,5.93,,2.93,0.67,3.21,,9.22,,1.83,,8.82,,,7.51,,3.01,1.06,30.3,1.82,13.08,7.51,,3.58,0.96,3.67,,16.39,,2.32,,9.7,,,7.84,,3.36,1.22,31.01,2.33,14.04,9.08,,4.23,1.25,4.12,
2026-04-27,,,1.32,,7.92,-4.08,-35.02,7.15,,2.67,0.88,29.58,1.31,12.08,5.79,,2.87,0.67,3.24,,,,1.81,,8.79,11.64,9.18,7.48,,3.01,1.05,30.27,1.8,13.04,7.38,,3.51,0.96,3.7,,,,2.3,,9.67,27.37,53.38,7.82,,3.35,1.22,30.96,2.29,14.01,8.98,,4.15,1.25,4.17,
2026-04-28,6.06,,1.31,,7.91,,,7.14,,2.66,0.88,29.58,1.31,12.06,5.74,,2.84,0.66,3.24,,11.22,,1.8,,8.78,,,7.47,,3.0,1.05,30.26,1.79,13.02,7.33,,3.48,0.96,3.72,,16.38,,2.29,,9.65,,,7.81,,3.34,1.21,30.93,2.27,13.99,8.91,,4.11,1.25,4.2,
2026-05-04,4.91,,1.25,,7.86,,,7.06,,2.65,0.85,29.55,1.26,11.96,5.45,,2.66,0.65,3.34,,11.41,,1.74,,8.7,,,7.4,,2.98,1.02,30.17,1.72,12.9,6.93,,3.27,0.95,3.76,,17.9,,2.24,,9.55,,,7.73,,3.3,1.19,30.79,2.19,13.83,8.41,,3.88,1.25,4.19,
2026-05-05,3.94,,1.24,,7.85,,,7.05,,2.65,0.84,29.55,1.24,11.94,5.41,,2.63,,3.34,,11.06,,1.74,,8.69,,,7.39,,2.97,1.02,30.16,1.71,12.87,6.86,,3.24,,3.76,,18.17,,2.23,,9.53,,,7.72,,3.29,1.19,30.77,2.18,13.81,8.32,,3.84,,4.19,
2026-05-07,1.44,,1.22,,7.83,,,7.02,,2.65,0.83,29.54,1.2,11.91,5.33,,2.57,0.64,3.34,,10.75,,1.72,,8.67,,,7.36,,2.96,1.01,30.13,1.68,12.83,6.72,,3.17,0.95,3.76,,20.06,,2.21,,9.5,,,7.7,,3.28,1.18,30.72,2.16,13.75,8.11,,3.76,1.25,4.19,
2026-05-08,-1.23,,1.21,,7.82,4.97,-17.02,7.01,,2.65,0.83,29.53,1.19,11.89,5.29,,2.54,,3.35,,8.16,,1.71,,8.66,14.11,8.86,7.35,,2.96,1.0,30.11,1.67,12.81,6.65,,3.13,,3.76,,17.54,,2.21,,9.49,23.25,34.73,7.69,,3.27,1.18,30.7,2.14,13.72,8.01,,3.72,,4.17,
2026-05-23,0.97,,1.07,,7.67,13.74,6.78,6.82,,2.63,0.75,29.42,1.05,11.6,4.55,,2.03,,3.06,,4.18,,1.57,,8.48,15.29,10.74,7.17,,2.91,0.94,29.91,1.43,12.46,5.57,,2.6,,3.71,,7.39,,2.06,,9.29,16.84,14.7,7.52,,3.19,1.13,30.41,1.81,13.33,6.59,,3.18,,4.36,
2026-05-24,0.57,,1.06,,7.66,14.18,8.24,6.8,,2.63,0.74,29.41,1.03,11.58,4.5,,2.0,0.59,3.04,,3.75,,1.56,,8.47,15.5,11.53,7.16,,2.91,0.93,29.9,1.42,12.44,5.5,,2.57,0.93,3.7,,6.93,,2.06,,9.28,16.82,14.82,7.51,,3.18,1.12,30.39,1.8,13.3,6.51,,3.14,1.26,4.37,
2026-05-27,-0.29,,1.02,,7.63,14.78,9.95,6.76,,2.63,0.73,29.38,1.0,11.51,4.31,,1.89,,2.94,,3.13,,1.53,,8.44,15.47,11.28,7.12,,2.9,0.92,29.86,1.36,12.37,5.3,,2.46,,3.67,,6.55,,2.04,,9.25,16.16,12.61,7.48,,3.17,1.11,30.35,1.72,13.23,6.29,,3.04,,4.4,
2026-05-28,1.13,,1.01,,7.61,14.91,9.78,6.75,,2.63,0.72,29.37,0.99,11.48,4.25,,1.86,0.58,3.03,,4.1,,1.52,,8.42,15.49,11.3,7.11,,2.9,0.92,29.85,1.35,12.35,5.24,,2.43,0.92,3.68,,7.07,,2.04,,9.23,16.06,12.83,7.47,,3.17,1.11,30.33,1.7,13.21,6.23,,3.0,1.27,4.34,
2026-05-29,0.82,,1.0,,7.6,14.83,9.78,6.73,,2.63,,29.36,0.99,11.46,4.2,,1.82,,3.09,,4.02,,1.52,,8.41,15.45,10.93,7.1,,2.89,,29.84,1.33,12.32,5.18,,2.39,,3.7,,7.22,,2.03,,9.22,16.07,12.08,7.46,,3.16,,30.32,1.67,13.18,6.17,,2.97,,4.3,
2026-05-30,1.16,,,,7.59,14.77,10.0,6.72,,2.62,,29.34,0.98,11.44,4.15,,1.79,,3.13,,3.63,,,,8.4,15.55,10.84,7.08,,2.89,,29.83,1.31,12.3,5.13,,2.36,,3.71,,6.1,,,,9.21,16.34,11.68,7.45,,3.16,,30.31,1.65,13.16,6.11,,2.93,,4.28,
2026-05-31,0.79,,0.98,,7.58,14.96,10.07,6.71,,2.62,0.71,29.33,0.97,11.41,4.11,,1.75,0.57,3.15,,3.31,,1.5,,8.39,15.99,10.79,7.07,,2.89,0.9,29.81,1.3,12.27,5.09,,2.32,0.92,3.72,,5.84,,2.02,,9.2,17.02,11.52,7.44,,3.16,1.1,30.29,1.63,13.14,6.06,,2.9,1.27,4.3,
2026-06-04,1.01,,0.94,,7.53,14.69,8.31,6.65,,2.61,0.68,29.28,0.94,11.31,4.0,,1.63,0.55,3.14,,3.25,,1.47,,8.34,15.92,9.89,7.02,,2.88,0.89,29.76,1.26,12.18,4.93,,2.19,0.91,3.71,,5.49,,2.0,,9.16,17.15,11.46,7.39,,3.14,1.09,30.25,1.57,13.04,5.85,,2.75,1.26,4.27,
2026-06-05,1.46,,0.94,,7.52,15.07,7.5,6.63,,2.61,0.68,29.26,0.95,11.28,3.98,,1.6,,3.14,,3.47,,1.47,,8.33,16.13,9.58,7.01,,2.88,0.88,29.75,1.25,12.15,4.89,,2.15,,3.7,,5.48,,1.99,,9.15,17.19,11.65,7.38,,3.14,1.08,30.24,1.55,13.02,5.8,,2.71,,4.25,
2026-06-11,2.24,,0.92,,7.44,15.11,7.25,6.55,,2.6,,29.17,0.94,11.12,3.92,,1.41,,3.14,,3.92,,1.44,,8.26,16.46,9.33,6.93,,2.86,,29.68,1.21,12.0,4.71,,1.95,,3.61,,5.6,,1.97,,9.09,17.81,11.42,7.32,,3.13,,30.19,1.47,12.89,5.5,,2.49,,4.07,
2026-06-19,2.34,,0.9,,7.33,14.42,4.72,6.43,,2.56,0.6,29.01,0.88,10.88,3.8,,1.15,,3.05,,4.68,,1.42,,8.17,16.78,8.57,6.84,,2.84,0.82,29.58,1.16,11.8,4.48,,1.68,,3.48,,7.02,,1.95,,9.02,19.14,12.41,7.24,,3.12,1.04,30.15,1.45,12.73,5.16,,2.2,,3.92,
2026-06-21,2.23,,0.89,,7.3,14.11,6.49,6.4,,2.55,0.59,28.97,0.85,10.81,3.75,,1.09,0.51,3.0,,4.44,,1.42,,8.15,17.71,9.48,6.81,,2.84,0.81,29.56,1.15,11.75,4.43,,1.61,0.9,3.45,,6.65,,1.95,,9.01,21.31,12.47,7.22,,3.12,1.03,30.14,1.45,12.69,5.1,,2.13,1.29,3.9,
2026-06-23,1.61,,,,7.27,15.12,6.71,6.37,,2.54,,28.93,0.82,10.75,3.7,,1.02,,2.96,,4.01,,,,8.13,17.09,9.03,6.79,,2.83,,29.53,1.14,11.7,4.37,,1.54,,3.42,,6.41,,,,8.99,19.06,11.34,7.2,,3.12,,30.14,1.46,12.65,5.04,,2.07,,3.88,
2026-06-24,1.0,,0.87,,7.25,15.7,7.34,6.35,,2.54,,28.9,0.81,10.72,3.67,,0.99,,2.98,,3.69,,1.41,,8.12,17.18,9.19,6.77,,2.83,,29.52,1.14,11.67,4.35,,1.51,,3.41,,6.38,,1.96,,8.98,18.66,11.04,7.19,,3.12,,30.14,1.47,12.63,5.02,,2.03,,3.85,
2026-06-25,0.16,,0.86,,7.24,15.61,7.3,6.34,,2.53,0.57,28.88,0.8,10.68,3.64,,0.95,0.49,3.0,,3.49,,1.41,,8.11,16.99,9.51,6.76,,2.83,0.79,29.51,1.13,11.65,4.32,,1.48,0.9,3.41,,6.82,,1.97,,8.98,18.38,11.72,7.19,,3.12,1.02,30.13,1.47,12.61,5.0,,2.0,1.31,3.82,
2026-06-27,0.1,,,,7.21,16.28,6.53,6.31,,2.52,,28.84,0.78,10.62,3.58,,0.88,,3.03,,3.77,,,,8.08,17.21,8.38,6.74,,2.82,,29.48,1.12,11.6,4.27,,1.41,,3.4,,7.44,,,,8.96,18.14,10.24,7.17,,3.13,,30.13,1.47,12.58,4.96,,1.93,,3.78,
2026-06-28,0.14,,0.83,,7.19,16.46,7.45,6.29,,2.51,0.55,28.81,,10.58,3.55,,0.85,,3.04,,3.37,,1.41,,8.07,17.34,8.67,6.72,,2.82,0.78,29.47,,11.57,4.25,,1.37,,3.4,,6.6,,1.98,,8.95,18.22,9.88,7.16,,3.13,1.0,30.13,,12.56,4.94,,1.9,,3.76,
2026-07-01,1.28,,0.8,,7.14,16.7,7.32,6.24,,2.5,0.54,28.74,0.73,10.48,3.45,,0.74,,3.07,,3.54,,1.41,,8.04,17.37,8.83,6.69,,2.82,0.77,29.44,1.11,11.49,4.17,,1.27,,3.39,,5.8,,2.01,,8.94,18.03,10.33,7.13,,3.13,0.99,30.14,1.49,12.51,4.9,,1.81,,3.71,
2026-07-04,1.56,,0.76,,7.1,16.64,6.83,6.2,,2.48,0.53,28.67,0.68,10.38,3.37,,0.63,,3.08,,4.08,,1.4,,8.01,17.22,7.97,6.65,,2.81,0.76,29.4,1.1,11.42,4.12,,1.17,,3.38,,6.6,,2.04,,8.92,17.81,9.11,7.1,,3.14,0.98,30.14,1.52,12.45,4.88,,1.71,,3.67,
2026-07-05,0.98,,0.75,,7.08,16.48,6.92,6.18,,2.47,,28.64,0.66,10.34,3.33,,0.6,,3.08,,3.7,,1.4,,8.0,17.17,8.06,6.64,,2.81,,29.39,1.1,11.39,4.1,,1.14,,3.37,,6.43,,2.04,,8.91,17.86,9.2,7.09,,3.14,,30.14,1.53,12.44,4.88,,1.68,,3.66,
2026-07-07,0.65,,0.75,,7.02,15.91,6.34,6.12,,2.51,,28.62,0.63,10.25,3.24,,0.52,,3.11,,3.86,,1.41,,7.99,17.27,7.51,6.61,,2.83,,29.4,1.08,11.34,4.08,,1.03,,3.37,,7.06,,2.07,,8.95,18.62,8.67,7.09,,3.15,,30.18,1.54,12.42,4.92,,1.54,,3.64,
2026-07-17,-2.17,,0.6,,6.84,13.91,0.43,5.96,,2.41,0.45,28.34,0.47,9.84,2.83,,0.12,,3.01,,3.94,,1.34,,7.88,16.98,5.39,6.48,,2.79,0.69,29.27,1.08,11.06,3.93,,0.71,,3.34,,10.04,,2.08,,8.91,20.06,10.36,7.0,,3.17,0.94,30.21,1.68,12.29,5.03,,1.29,,3.67,
2026-07-21,-3.87,,0.49,,6.77,12.48,-2.65,5.84,,2.37,0.43,28.22,0.38,9.67,2.63,,-0.1,0.38,2.91,,3.75,,1.36,,7.83,16.65,4.79,6.41,,2.77,0.68,29.17,1.06,11.01,3.86,,0.56,0.86,3.32,,11.36,,2.23,,8.9,20.81,12.23,6.98,,3.17,0.92,30.11,1.74,12.36,5.09,,1.22,1.35,3.73,
