date,twh_Coal_Greece,twh_Gas_Greece,twh_Hydro_Greece,twh_Net imports_Greece,twh_Other fossil_Greece,twh_Solar_Greece,twh_Wind_Greece,twh_Bioenergy_EU,twh_Coal_EU,twh_Gas_EU,twh_Hydro_EU,twh_Net imports_EU,twh_Nuclear_EU,twh_Other fossil_EU,twh_Other renewables_EU,twh_Solar_EU,twh_Wind_EU,twh_Bioenergy_World,twh_Coal_World,twh_Gas_World,twh_Hydro_World,twh_Nuclear_World,twh_Other fossil_World,twh_Other renewables_World,twh_Solar_World,twh_Wind_World,share_Coal_Greece,share_Gas_Greece,share_Hydro_Greece,share_Net imports_Greece,share_Other fossil_Greece,share_Solar_Greece,share_Wind_Greece,share_Bioenergy_EU,share_Coal_EU,share_Gas_EU,share_Hydro_EU,share_Net imports_EU,share_Nuclear_EU,share_Other fossil_EU,share_Other renewables_EU,share_Solar_EU,share_Wind_EU,share_Bioenergy_World,share_Coal_World,share_Gas_World,share_Hydro_World,share_Nuclear_World,share_Other fossil_World,share_Other renewables_World,share_Solar_World,share_Wind_World,twh_Coal_Greece_12m_avg,twh_Gas_Greece_12m_avg,twh_Hydro_Greece_12m_avg,twh_Net imports_Greece_12m_avg,twh_Other fossil_Greece_12m_avg,twh_Solar_Greece_12m_avg,twh_Wind_Greece_12m_avg,twh_Bioenergy_EU_12m_avg,twh_Coal_EU_12m_avg,twh_Gas_EU_12m_avg,twh_Hydro_EU_12m_avg,twh_Net imports_EU_12m_avg,twh_Nuclear_EU_12m_avg,twh_Other fossil_EU_12m_avg,twh_Other renewables_EU_12m_avg,twh_Solar_EU_12m_avg,twh_Wind_EU_12m_avg,twh_Bioenergy_World_12m_avg,twh_Coal_World_12m_avg,twh_Gas_World_12m_avg,twh_Hydro_World_12m_avg,twh_Nuclear_World_12m_avg,twh_Other fossil_World_12m_avg,twh_Other renewables_World_12m_avg,twh_Solar_World_12m_avg,twh_Wind_World_12m_avg,share_Coal_Greece_12m_avg,share_Gas_Greece_12m_avg,share_Hydro_Greece_12m_avg,share_Net imports_Greece_12m_avg,share_Other fossil_Greece_12m_avg,share_Solar_Greece_12m_avg,share_Wind_Greece_12m_avg,share_Bioenergy_EU_12m_avg,share_Coal_EU_12m_avg,share_Gas_EU_12m_avg,share_Hydro_EU_12m_avg,share_Net imports_EU_12m_avg,share_Nuclear_EU_12m_avg,share_Other fossil_EU_12m_avg,share_Other renewables_EU_12m_avg,share_Solar_EU_12m_avg,share_Wind_EU_12m_avg,share_Bioenergy_World_12m_avg,share_Coal_World_12m_avg,share_Gas_World_12m_avg,share_Hydro_World_12m_avg,share_Nuclear_World_12m_avg,share_Other fossil_World_12m_avg,share_Other renewables_World_12m_avg,share_Solar_World_12m_avg,share_Wind_World_12m_avg
2015-01-01,1.91,0.81,0.28,0.58,0.0,0.19,0.33,,,,,,,,,,,,,,,,,,,,54.26,22.94,8.06,16.6,0.0,5.35,9.42,,,,,,,,,,,,,,,,,,,,1.91,0.81,0.28,0.58,,0.19,0.33,,,,,,,,,,,,,,,,,,,,54.26,22.94,8.06,16.6,,5.35,9.42,,,,,,,,,,,,,,,,,,,
2015-02-01,1.31,0.54,0.75,0.54,0.0,0.2,0.33,,,,,,,,,,,,,,,,,,,,41.84,17.32,23.82,17.35,0.0,6.54,10.46,,,,,,,,,,,,,,,,,,,,1.6099999999999999,0.675,0.515,0.56,,0.195,0.33,,,,,,,,,,,,,,,,,,,,48.05,20.130000000000003,15.940000000000001,16.975,,5.945,9.940000000000001,,,,,,,,,,,,,,,,,,,
2015-03-01,1.51,0.44,0.53,0.7,0.0,0.23,0.29,,,,,,,,,,,,,,,,,,,,50.22,14.76,17.58,23.27,0.0,7.71,9.74,,,,,,,,,,,,,,,,,,,,1.5766666666666669,0.5966666666666667,0.52,0.6066666666666666,,0.20666666666666667,0.31666666666666665,,,,,,,,,,,,,,,,,,,,48.77333333333333,18.34,16.486666666666668,19.073333333333334,,6.533333333333334,9.873333333333333,,,,,,,,,,,,,,,,,,,
2015-04-01,1.16,0.37,0.4,0.59,0.0,0.37,0.27,,,,,,,,,,,,,,,,,,,,45.39,14.32,15.54,23.01,0.0,14.36,10.41,,,,,,,,,,,,,,,,,,,,1.4725,0.54,0.49,0.6025,,0.2475,0.305,,,,,,,,,,,,,,,,,,,,47.9275,17.335,16.25,20.0575,,8.49,10.0075,,,,,,,,,,,,,,,,,,,
2015-05-01,1.47,0.33,0.32,0.68,0.0,0.39,0.23,,,,,,,,,,,,,,,,,,,,53.66,12.04,11.74,24.73,0.0,14.26,8.28,,,,,,,,,,,,,,,,,,,,1.472,0.49800000000000005,0.45600000000000007,0.618,,0.27599999999999997,0.29,,,,,,,,,,,,,,,,,,,,49.074,16.276,15.347999999999999,20.992,,9.644,9.662,,,,,,,,,,,,,,,,,,,
2015-06-01,1.71,0.27,0.3,0.64,0.0,0.37,0.24,,,,,,,,,,,,,,,,,,,,59.22,9.27,10.41,22.21,0.0,12.7,8.41,,,,,,,,,,,,,,,,,,,,1.5116666666666667,0.46,0.43,0.6216666666666667,,0.2916666666666667,0.2816666666666667,,,,,,,,,,,,,,,,,,,,50.76499999999999,15.108333333333334,14.525,21.195,,10.153333333333334,9.453333333333333,,,,,,,,,,,,,,,,,,,
2015-07-01,2.29,0.97,0.41,0.48,0.0,0.43,0.32,,,,,,,,,,,,,,,,,,,,51.77,21.98,9.32,10.85,0.0,9.74,7.19,,,,,,,,,,,,,,,,,,,,1.6228571428571428,0.5328571428571428,0.42714285714285716,0.6014285714285714,,0.31142857142857144,0.2871428571428571,,,,,,,,,,,,,,,,,,,,50.90857142857143,16.09,13.781428571428572,19.717142857142857,,10.094285714285714,9.13,,,,,,,,,,,,,,,,,,,
2015-08-01,2.01,0.75,0.41,0.46,0.0,0.4,0.36,,,,,,,,,,,,,,,,,,,,51.24,19.16,10.48,11.68,0.0,10.05,9.06,,,,,,,,,,,,,,,,,,,,1.67125,0.56,0.425,0.58375,,0.3225,0.29625,,,,,,,,,,,,,,,,,,,,50.95,16.47375,13.36875,18.712500000000002,,10.08875,9.12125,,,,,,,,,,,,,,,,,,,
2015-09-01,1.69,0.71,0.32,0.22,0.0,0.32,0.23,,,,,,,,,,,,,,,,,,,,51.71,21.79,9.76,6.82,0.03,9.79,6.95,,,,,,,,,,,,,,,,,,,,1.6733333333333331,0.5766666666666667,0.41333333333333333,0.5433333333333333,,0.3222222222222222,0.2888888888888889,,,,,,,,,,,,,,,,,,,,51.034444444444446,17.064444444444447,12.967777777777778,17.391111111111112,0.003333333333333333,10.055555555555555,8.88,,,,,,,,,,,,,,,,,,,
2015-10-01,1.19,1.08,0.26,0.22,0.0,0.24,0.34,,,,,,,,,,,,,,,,,,,,38.25,34.77,8.28,7.22,0.03,7.64,11.02,,,,,,,,,,,,,,,,,,,,1.625,0.627,0.398,0.511,,0.314,0.294,,,,,,,,,,,,,,,,,,,,49.756,18.835,12.498999999999999,16.374000000000002,0.006,9.814,9.094,,,,,,,,,,,,,,,,,,,
2015-11-01,1.68,0.75,0.25,0.24,0.0,0.24,0.32,,,,,,,,,,,,,,,,,,,,51.84,23.02,7.74,7.3,0.03,7.37,10.02,,,,,,,,,,,,,,,,,,,,1.63,0.6381818181818182,0.3845454545454546,0.48636363636363633,,0.30727272727272725,0.2963636363636364,,,,,,,,,,,,,,,,,,,,49.945454545454545,19.215454545454545,12.066363636363635,15.549090909090909,0.00818181818181818,9.591818181818182,9.17818181818182,,,,,,,,,,,,,,,,,,,
2015-12-01,1.76,1.37,0.25,0.29,0.0,0.22,0.29,,,,,,,,,,,,,,,,,,,,45.33,35.34,6.41,7.49,0.03,5.54,7.37,,,,,,,,,,,,,,,,,,,,1.6408333333333331,0.6991666666666667,0.37333333333333335,0.47,,0.3,0.29583333333333334,,,,,,,,,,,,,,,,,,,,49.560833333333335,20.559166666666666,11.594999999999999,14.8775,0.01,9.254166666666666,9.0275,,,,,,,,,,,,,,,,,,,
2016-01-01,1.73,1.16,0.34,0.5,0.0,0.19,0.36,10.12,56.96,44.5,27.65,-1.42,74.67,9.31,1.46,2.9,29.76,,,,,,,,,,45.67,30.75,8.86,13.34,0.03,5.05,9.63,3.93,22.14,17.29,10.74,-0.55,29.02,3.62,0.57,1.13,11.57,,,,,,,,,,1.6258333333333332,0.7283333333333334,0.37833333333333335,0.4633333333333333,,0.3,0.29833333333333334,10.12,56.96,44.5,27.65,-1.42,74.67,9.31,1.46,2.9,29.76,,,,,,,,,,48.845,21.21,11.661666666666667,14.605833333333335,0.012499999999999999,9.229166666666666,9.045,3.93,22.14,17.29,10.74,-0.55,29.02,3.62,0.57,1.13,11.57,,,,,,,,,
2016-02-01,1.19,0.79,0.27,0.85,0.0,0.23,0.36,9.39,47.09,35.49,31.69,-0.32,67.73,7.91,1.3,4.27,31.12,,,,,,,,,,41.92,27.76,9.64,29.95,0.04,8.05,12.57,3.98,19.95,15.04,13.43,-0.14,28.7,3.35,0.55,1.81,13.19,,,,,,,,,,1.6158333333333335,0.7491666666666666,0.3383333333333333,0.4891666666666667,,0.3025,0.30083333333333334,9.754999999999999,52.025000000000006,39.995000000000005,29.67,-0.87,71.2,8.61,1.38,3.585,30.44,,,,,,,,,,48.85166666666667,22.080000000000002,10.48,15.655833333333334,0.015833333333333335,9.354999999999999,9.220833333333333,3.955,21.045,16.165,12.085,-0.34500000000000003,28.86,3.4850000000000003,0.56,1.47,12.379999999999999,,,,,,,,,
2016-03-01,1.02,0.81,0.44,1.01,0.0,0.27,0.34,9.79,50.6,35.94,31.83,1.05,70.8,8.33,1.33,7.38,23.06,,,,,,,,,,35.62,28.07,15.17,35.24,0.04,9.43,11.69,4.09,21.16,15.03,13.32,0.44,29.62,3.49,0.56,3.09,9.65,,,,,,,,,,1.575,0.7799999999999999,0.33083333333333337,0.515,,0.30583333333333335,0.305,9.766666666666666,51.550000000000004,38.64333333333334,30.39,-0.22999999999999998,71.06666666666666,8.516666666666667,1.3633333333333333,4.8500000000000005,27.98,,,,,,,,,,47.635,23.189166666666665,10.279166666666667,16.653333333333332,0.019166666666666665,9.498333333333333,9.383333333333333,4.0,21.083333333333332,15.786666666666667,12.496666666666668,-0.08333333333333336,29.113333333333333,3.486666666666667,0.56,2.01,11.469999999999999,,,,,,,,,
2016-04-01,0.8,0.82,0.37,0.78,0.0,0.37,0.23,8.74,44.02,28.76,34.14,-0.52,59.77,7.2,1.23,10.06,21.04,,,,,,,,,,30.76,31.57,14.32,29.88,0.0,14.36,8.99,4.06,20.48,13.38,15.88,-0.24,27.81,3.35,0.57,4.68,9.79,,,,,,,,,,1.545,0.8175,0.3283333333333333,0.5308333333333334,,0.30583333333333335,0.30166666666666664,9.51,49.667500000000004,36.1725,31.3275,-0.3025,68.2425,8.1875,1.33,6.1525,26.245,,,,,,,,,,46.41583333333333,24.626666666666665,10.1775,17.22583333333333,,9.498333333333333,9.265,4.015,20.9325,15.184999999999999,13.342500000000001,-0.12250000000000001,28.7875,3.4525,0.5625,2.6774999999999998,11.05,,,,,,,,,
2016-05-01,0.89,0.85,0.29,0.87,0.0,0.36,0.25,8.55,40.74,27.99,35.32,2.0,53.89,7.1,1.27,11.96,19.62,,,,,,,,,,33.65,32.22,10.96,32.74,0.0,13.8,9.38,4.14,19.74,13.56,17.11,0.97,26.11,3.44,0.61,5.79,9.5,,,,,,,,,,1.4966666666666668,0.8608333333333333,0.3258333333333333,0.5466666666666667,,0.30333333333333334,0.3033333333333333,9.318000000000001,47.882000000000005,34.536,32.126,0.158,65.372,7.970000000000001,1.318,7.314,24.919999999999998,,,,,,,,,,44.748333333333335,26.308333333333334,10.1125,17.893333333333334,,9.459999999999999,9.356666666666667,4.04,20.694,14.86,14.096,0.09599999999999999,28.252,3.45,0.572,3.3,10.74,,,,,,,,,
2016-06-01,1.0,1.43,0.39,0.74,0.0,0.39,0.24,7.9,44.52,28.92,34.06,3.02,53.39,6.91,1.18,12.14,14.11,,,,,,,,,,28.94,41.49,11.33,21.56,0.0,11.3,6.94,3.89,21.92,14.24,16.77,1.49,26.28,3.4,0.58,5.98,6.94,,,,,,,,,,1.4375,0.9575,0.3333333333333333,0.5549999999999999,,0.305,0.30333333333333334,9.081666666666667,47.321666666666665,33.6,32.44833333333333,0.635,63.375,7.793333333333333,1.295,8.118333333333334,23.118333333333336,,,,,,,,,,42.225,28.993333333333336,10.189166666666667,17.839166666666667,,9.343333333333334,9.234166666666667,4.015,20.898333333333333,14.756666666666666,14.541666666666666,0.3283333333333333,27.923333333333332,3.4416666666666664,0.5733333333333334,3.7466666666666666,10.106666666666667,,,,,,,,,
2016-07-01,1.52,1.39,0.44,0.72,0.0,0.43,0.32,8.15,47.34,33.94,29.07,1.55,57.39,7.36,1.3,12.92,15.87,,,,,,,,,,37.03,33.96,10.65,17.64,0.0,10.46,7.92,3.82,22.19,15.91,13.63,0.73,26.9,3.45,0.61,6.06,7.44,,,,,,,,,,1.3733333333333333,0.9925,0.3358333333333334,0.5750000000000001,,0.305,0.30333333333333334,8.948571428571428,47.32428571428572,33.64857142857143,31.965714285714284,0.7657142857142858,62.519999999999996,7.731428571428572,1.2957142857142858,8.804285714285715,22.082857142857144,,,,,,,,,,40.99666666666666,29.991666666666664,10.3,18.404999999999998,,9.403333333333334,9.295,3.987142857142857,21.082857142857144,14.921428571428573,14.411428571428571,0.38571428571428573,27.777142857142856,3.442857142857143,0.5785714285714285,4.077142857142857,9.725714285714286,,,,,,,,,
2016-08-01,1.39,1.15,0.36,0.79,0.0,0.4,0.38,8.17,45.21,34.24,25.92,0.47,56.71,7.68,1.32,12.36,18.01,,,,,,,,,,37.67,31.08,9.9,21.32,0.0,10.93,10.42,3.9,21.57,16.33,12.37,0.22,27.05,3.66,0.63,5.9,8.59,,,,,,,,,,1.3216666666666665,1.0258333333333332,0.33166666666666667,0.6025,,0.305,0.305,8.85125,47.06,33.7225,31.21,0.72875,61.79375,7.725,1.29875,9.24875,21.57375,,,,,,,,,,39.865833333333335,30.985000000000003,10.251666666666667,19.208333333333332,,9.476666666666667,9.408333333333333,3.97625,21.14375,15.0975,14.15625,0.365,27.68625,3.47,0.585,4.305,9.58375,,,,,,,,,
2016-09-01,1.2,1.14,0.25,0.59,0.0,0.32,0.27,7.86,50.81,42.4,21.81,0.94,54.42,7.79,1.12,9.85,14.41,,,,,,,,,,37.71,35.83,7.9,18.48,0.0,10.2,8.37,3.74,24.14,20.14,10.36,0.45,25.86,3.7,0.53,4.68,6.85,,,,,,,,,,1.2808333333333333,1.0616666666666668,0.3258333333333333,0.6333333333333334,,0.305,0.30833333333333335,8.741111111111111,47.47666666666667,34.68666666666667,30.165555555555557,0.7522222222222221,60.974444444444444,7.732222222222223,1.278888888888889,9.315555555555555,20.77777777777778,,,,,,,,,,38.69916666666666,32.155,10.096666666666666,20.18,,9.510833333333332,9.526666666666666,3.9499999999999997,21.476666666666667,15.657777777777776,13.734444444444444,0.37444444444444447,27.483333333333334,3.4955555555555557,0.5788888888888889,4.346666666666667,9.28,,,,,,,,,
2016-10-01,1.3,1.31,0.3,0.12,0.0,0.26,0.28,9.06,56.04,47.62,20.97,0.76,57.02,8.69,1.42,5.56,18.73,,,,,,,,,,37.68,37.97,8.84,3.52,0.0,7.41,8.08,4.02,24.89,21.15,9.32,0.34,25.33,3.86,0.63,2.47,8.32,,,,,,,,,,1.2899999999999998,1.0808333333333333,0.32916666666666666,0.625,,0.30666666666666664,0.30333333333333334,8.773,48.333000000000006,35.980000000000004,29.246,0.753,60.57899999999999,7.828,1.293,8.940000000000001,20.573,,,,,,,,,,38.651666666666664,32.42166666666667,10.143333333333334,19.871666666666666,,9.491666666666667,9.281666666666666,3.957,21.818,16.207,13.293000000000001,0.371,27.268,3.532,0.584,4.159,9.184000000000001,,,,,,,,,
2016-11-01,1.43,1.17,0.34,0.31,0.0,0.19,0.32,9.53,57.07,51.54,22.82,0.2,59.36,8.78,1.27,3.5,25.53,,,,,,,,,,41.32,33.95,9.98,8.96,0.0,5.41,9.34,3.98,23.84,21.53,9.53,0.09,24.8,3.67,0.53,1.46,10.66,,,,,,,,,,1.2691666666666668,1.1158333333333335,0.33666666666666667,0.6308333333333334,,0.30250000000000005,0.3033333333333333,8.841818181818182,49.127272727272725,37.39454545454545,28.661818181818184,0.7027272727272728,60.46818181818182,7.914545454545455,1.2909090909090908,8.445454545454545,21.023636363636363,,,,,,,,,,37.775,33.3325,10.33,20.01,,9.328333333333333,9.225,3.959090909090909,22.001818181818184,16.69090909090909,12.950909090909091,0.34545454545454546,27.043636363636367,3.544545454545455,0.5790909090909091,3.9136363636363636,9.318181818181818,,,,,,,,,
2016-12-01,1.72,1.69,0.43,0.09,0.0,0.2,0.41,10.09,58.31,56.63,22.66,-1.05,66.82,8.96,1.36,3.15,26.36,,,,,,,,,,38.7,37.98,9.73,2.02,0.0,4.47,9.12,3.97,22.93,22.27,8.91,-0.41,26.27,3.52,0.53,1.24,10.36,,,,,,,,,,1.2658333333333334,1.1424999999999998,0.3516666666666666,0.6141666666666666,,0.30083333333333334,0.3133333333333333,8.945833333333333,49.892500000000005,38.9975,28.161666666666665,0.5566666666666666,60.9975,8.001666666666667,1.2966666666666666,8.004166666666666,21.468333333333334,,,,,,,,,,37.222500000000004,33.5525,10.606666666666667,19.554166666666667,,9.239166666666668,9.370833333333334,3.9599999999999995,22.079166666666666,17.155833333333334,12.614166666666668,0.28250000000000003,26.979166666666668,3.5425,0.5750000000000001,3.6908333333333334,9.405,,,,,,,,,
2017-01-01,1.76,2.06,0.59,-0.16,0.0,0.16,0.36,10.62,64.09,60.75,24.89,0.03,72.33,9.93,1.48,3.39,26.62,,,,,,,,,,35.6,41.81,12.01,-3.35,0.0,3.21,7.36,3.87,23.38,22.16,9.08,0.01,26.39,3.62,0.54,1.24,9.71,,,,,,,,,,1.2683333333333333,1.2175,0.37250000000000005,0.5591666666666667,,0.29833333333333334,0.3133333333333333,8.987499999999999,50.48666666666667,40.35166666666667,27.93166666666667,0.6774999999999999,60.8025,8.053333333333333,1.2983333333333336,8.045,21.206666666666667,,,,,,,,,,36.38333333333333,34.47416666666667,10.869166666666667,18.163333333333334,,9.085833333333333,9.181666666666667,3.955,22.1825,17.561666666666667,12.475833333333332,0.32916666666666666,26.76,3.5425000000000004,0.5725,3.6999999999999997,9.25,,,,,,,,,
2017-02-01,1.61,1.34,0.2,0.15,0.0,0.2,0.34,9.7,52.16,45.6,21.82,-1.23,61.56,8.33,1.26,4.47,28.84,,,,,,,,,,43.58,36.21,5.36,4.04,0.0,5.52,9.32,4.15,22.32,19.51,9.34,-0.52,26.34,3.56,0.54,1.91,12.34,,,,,,,,,,1.3033333333333335,1.2633333333333334,0.36666666666666664,0.5008333333333334,,0.29583333333333334,0.3116666666666667,9.013333333333334,50.90916666666667,41.19416666666667,27.10916666666667,0.6016666666666667,60.288333333333334,8.088333333333333,1.2950000000000002,8.061666666666666,21.01666666666667,,,,,,,,,,36.52166666666667,35.178333333333335,10.512500000000001,16.004166666666666,,8.875,8.910833333333334,3.9691666666666667,22.38,17.934166666666666,12.135,0.2975,26.563333333333333,3.56,0.5716666666666667,3.7083333333333335,9.179166666666665,,,,,,,,,
2017-03-01,1.34,0.87,0.21,0.67,0.0,0.3,0.37,10.28,48.26,40.6,27.25,-1.59,64.83,8.58,1.39,8.9,29.14,,,,,,,,,,43.44,28.1,6.69,21.71,0.0,9.85,11.92,4.3,20.17,16.97,11.39,-0.67,27.1,3.59,0.58,3.72,12.18,,,,,,,,,,1.33,1.2683333333333333,0.3475,0.4725,,0.29833333333333334,0.3141666666666667,9.054166666666667,50.71416666666667,41.5825,26.727500000000003,0.3816666666666666,59.79083333333333,8.109166666666667,1.3,8.188333333333334,21.523333333333337,,,,,,,,,,37.17333333333334,35.18083333333333,9.805833333333334,14.876666666666667,,8.91,8.93,3.9866666666666664,22.2975,18.095833333333335,11.974166666666667,0.205,26.353333333333335,3.5683333333333334,0.5733333333333334,3.760833333333333,9.39,,,,,,,,,
2017-04-01,1.15,0.86,0.14,0.55,0.0,0.36,0.25,9.51,43.76,35.02,22.55,-1.26,59.27,7.64,1.42,10.78,24.06,,,,,,,,,,41.9,31.14,4.91,20.15,0.0,13.13,8.95,4.44,20.45,16.36,10.53,-0.59,27.69,3.57,0.66,5.04,11.24,,,,,,,,,,1.3591666666666666,1.2716666666666667,0.3283333333333333,0.4533333333333333,,0.2975,0.31583333333333335,9.118333333333332,50.6925,42.104166666666664,25.761666666666667,0.32,59.74916666666667,8.145833333333334,1.3158333333333332,8.248333333333333,21.775000000000002,,,,,,,,,,38.10166666666667,35.145,9.021666666666667,14.065833333333336,,8.8075,8.926666666666666,4.0183333333333335,22.295,18.344166666666666,11.528333333333334,0.17583333333333337,26.343333333333334,3.5866666666666664,0.5808333333333333,3.790833333333333,9.510833333333332,,,,,,,,,
2017-05-01,1.11,1.08,0.19,0.32,0.0,0.37,0.37,8.95,46.38,33.52,27.3,0.31,56.1,7.65,1.46,12.96,18.98,,,,,,,,,,35.74,34.55,6.1,10.4,0.0,11.82,11.78,4.2,21.74,15.71,12.8,0.14,26.3,3.59,0.69,6.08,8.9,,,,,,,,,,1.3774999999999997,1.2908333333333333,0.32,0.4075,,0.29833333333333334,0.32583333333333336,9.151666666666666,51.1625,42.565,25.093333333333334,0.17916666666666667,59.93333333333334,8.191666666666668,1.3316666666666668,8.331666666666667,21.721666666666668,,,,,,,,,,38.27583333333333,35.339166666666664,8.616666666666667,12.204166666666666,,8.6425,9.126666666666667,4.0233333333333325,22.46166666666667,18.52333333333333,11.169166666666667,0.10666666666666667,26.359166666666667,3.5991666666666666,0.5875,3.815,9.460833333333333,,,,,,,,,
2017-06-01,1.24,1.52,0.25,0.34,0.0,0.38,0.15,8.26,42.86,36.82,25.62,1.27,53.35,7.21,1.34,13.56,20.45,,,,,,,,,,34.95,42.91,7.09,9.54,0.0,10.72,4.33,3.94,20.46,17.58,12.23,0.61,25.47,3.44,0.64,6.48,9.76,,,,,,,,,,1.3975,1.2983333333333333,0.30833333333333335,0.3741666666666667,,0.2975,0.3183333333333333,9.181666666666667,51.024166666666666,43.22333333333333,24.39,0.033333333333333326,59.93,8.216666666666667,1.345,8.450000000000001,22.25,,,,,,,,,,38.776666666666664,35.4575,8.263333333333334,11.2025,,8.594166666666666,8.909166666666666,4.027500000000001,22.34,18.801666666666666,10.790833333333333,0.03333333333333333,26.291666666666668,3.6025000000000005,0.5925,3.856666666666667,9.695833333333333,,,,,,,,,
2017-07-01,1.5,1.61,0.35,0.43,0.0,0.43,0.29,8.26,46.87,41.55,24.52,0.74,55.11,7.71,1.44,13.22,18.57,,,,,,,,,,35.83,38.51,8.37,10.19,0.0,10.38,6.94,3.8,21.58,19.12,11.29,0.34,25.36,3.55,0.66,6.09,8.55,,,,,,,,,,1.3958333333333333,1.3166666666666667,0.30083333333333334,0.35000000000000003,,0.29750000000000004,0.31583333333333335,9.190833333333332,50.98500000000001,43.857499999999995,24.010833333333334,-0.03416666666666668,59.74,8.245833333333334,1.3566666666666667,8.475,22.474999999999998,,,,,,,,,,38.67666666666667,35.836666666666666,8.073333333333332,10.581666666666665,,8.5875,8.827499999999999,4.025833333333334,22.289166666666663,19.069166666666668,10.595833333333333,0.0008333333333333387,26.16333333333333,3.6108333333333333,0.5966666666666667,3.859166666666667,9.788333333333334,,,,,,,,,
2017-08-01,1.39,1.72,0.32,0.14,0.0,0.43,0.5,8.37,45.3,35.89,23.99,1.23,57.98,7.86,1.38,12.4,18.32,,,,,,,,,,32.0,39.42,7.28,3.33,0.0,9.9,11.42,3.96,21.42,16.97,11.34,0.58,27.42,3.72,0.65,5.86,8.66,,,,,,,,,,1.3958333333333333,1.3641666666666667,0.29750000000000004,0.29583333333333334,,0.3,0.3258333333333333,9.2075,50.9925,43.995,23.849999999999998,0.029166666666666657,59.84583333333333,8.260833333333334,1.3616666666666666,8.478333333333333,22.500833333333333,,,,,,,,,,38.204166666666666,36.531666666666666,7.855,9.082500000000001,,8.501666666666667,8.910833333333333,4.030833333333333,22.276666666666667,19.1225,10.51,0.030833333333333334,26.194166666666664,3.6158333333333332,0.5983333333333334,3.8558333333333334,9.794166666666667,,,,,,,,,
2017-09-01,1.24,1.33,0.19,0.41,0.0,0.36,0.28,8.36,46.61,36.28,24.25,0.89,56.62,7.67,1.4,9.11,19.72,,,,,,,,,,36.55,39.11,5.65,12.17,0.0,10.47,8.23,3.98,22.19,17.27,11.55,0.42,26.96,3.65,0.67,4.34,9.39,,,,,,,,,,1.3991666666666667,1.38,0.29250000000000004,0.2808333333333333,,0.30333333333333334,0.32666666666666666,9.249166666666666,50.64249999999999,43.48500000000001,24.05333333333333,0.024999999999999994,60.02916666666667,8.250833333333333,1.385,8.416666666666666,22.94333333333333,,,,,,,,,,38.1075,36.805,7.6675,8.556666666666667,,8.524166666666668,8.899166666666668,4.050833333333333,22.114166666666666,18.883333333333336,10.609166666666667,0.028333333333333332,26.28583333333333,3.6116666666666664,0.61,3.8275,10.005833333333333,,,,,,,,,
2017-10-01,1.51,1.21,0.17,-0.07,0.0,0.3,0.4,9.26,48.62,42.14,20.53,-0.72,56.56,7.96,1.35,7.02,30.64,,,,,,,,,,42.19,33.79,4.7,-1.9,0.0,8.29,11.06,4.13,21.7,18.8,9.16,-0.32,25.24,3.55,0.6,3.13,13.67,,,,,,,,,,1.4166666666666667,1.3716666666666668,0.2816666666666667,0.265,,0.30666666666666664,0.33666666666666667,9.265833333333333,50.024166666666666,43.028333333333336,24.01666666666667,-0.09833333333333334,59.990833333333335,8.19,1.3791666666666667,8.538333333333332,23.93583333333333,,,,,,,,,,38.483333333333334,36.45666666666667,7.322499999999999,8.105,,8.597499999999998,9.1475,4.06,21.848333333333333,18.6875,10.595833333333333,-0.026666666666666672,26.278333333333332,3.5858333333333334,0.6075,3.8825000000000003,10.451666666666666,,,,,,,,,
2017-11-01,1.56,1.53,0.19,-0.04,0.0,0.17,0.32,9.83,54.57,51.89,22.44,-0.4,59.85,8.44,1.42,3.67,27.84,,,,,,,,,,41.39,40.65,4.96,-1.09,0.0,4.5,8.48,4.1,22.74,21.62,9.35,-0.17,24.94,3.52,0.59,1.53,11.6,,,,,,,,,,1.4275000000000002,1.4016666666666666,0.26916666666666667,0.23583333333333334,,0.305,0.33666666666666667,9.290833333333333,49.81583333333334,43.057500000000005,23.985,-0.14833333333333334,60.031666666666666,8.161666666666667,1.3916666666666666,8.5525,24.128333333333334,,,,,,,,,,38.48916666666667,37.01499999999999,6.904166666666668,7.267499999999999,,8.521666666666667,9.075833333333334,4.07,21.756666666666664,18.695,10.580833333333333,-0.04833333333333334,26.289999999999996,3.573333333333333,0.6124999999999999,3.8883333333333336,10.53,,,,,,,,,
2017-12-01,1.38,1.47,0.26,0.25,0.0,0.18,0.6,10.27,49.48,46.95,25.0,-0.64,70.24,8.57,1.32,2.74,38.99,,,,,,,,,,35.46,37.7,6.71,6.4,0.0,4.68,15.43,4.05,19.51,18.52,9.86,-0.25,27.7,3.38,0.52,1.08,15.38,,,,,,,,,,1.3991666666666667,1.3833333333333335,0.25499999999999995,0.24916666666666668,,0.30333333333333334,0.35250000000000004,9.305833333333334,49.07999999999999,42.25083333333334,24.180000000000003,-0.11416666666666668,60.31666666666666,8.129166666666668,1.3883333333333334,8.518333333333333,25.180833333333336,,,,,,,,,,38.219166666666666,36.99166666666667,6.6525,7.6325,,8.539166666666667,9.601666666666667,4.076666666666667,21.471666666666664,18.3825,10.659999999999998,-0.03500000000000001,26.409166666666668,3.561666666666667,0.6116666666666667,3.875,10.948333333333332,,,,,,,,,
2018-01-01,1.59,1.37,0.2,0.56,0.0,0.2,0.43,10.47,49.0,43.0,30.09,-0.48,72.7,8.95,1.16,3.28,37.4,,,,,,,,,,41.92,36.16,5.28,14.77,0.0,5.2,11.41,4.09,19.14,16.79,11.75,-0.19,28.39,3.49,0.45,1.28,14.61,,,,,,,,,,1.385,1.3258333333333334,0.2225,0.30916666666666665,,0.3066666666666667,0.35833333333333334,9.293333333333333,47.82249999999999,40.77166666666667,24.613333333333333,-0.15666666666666665,60.347500000000004,8.0475,1.3616666666666666,8.509166666666667,26.079166666666666,,,,,,,,,,38.74583333333333,36.520833333333336,6.091666666666666,9.1425,,8.705,9.939166666666667,4.095,21.118333333333332,17.935,10.8825,-0.05166666666666667,26.575833333333335,3.5508333333333333,0.6041666666666666,3.8783333333333334,11.356666666666667,,,,,,,,,
2018-02-01,1.34,1.18,0.34,0.36,0.0,0.17,0.41,10.12,53.16,45.77,28.55,1.46,65.58,8.11,1.05,5.13,25.76,,,,,,,,,,39.0,34.32,9.79,10.49,0.0,4.85,12.0,4.16,21.86,18.82,11.74,0.6,26.96,3.33,0.43,2.11,10.59,,,,,,,,,,1.3624999999999998,1.3125,0.23416666666666663,0.32666666666666666,,0.30416666666666664,0.3641666666666667,9.328333333333333,47.905833333333334,40.785833333333336,25.174166666666665,0.0675,60.6825,8.029166666666667,1.3441666666666665,8.564166666666667,25.8225,,,,,,,,,,38.36416666666667,36.36333333333333,6.460833333333333,9.68,,8.649166666666666,10.1625,4.095833333333333,21.080000000000002,17.8775,11.082499999999998,0.04166666666666666,26.627499999999998,3.5316666666666667,0.595,3.895,11.210833333333333,,,,,,,,,
2018-03-01,0.92,0.82,0.95,0.24,0.0,0.28,0.52,10.45,50.97,39.99,33.77,0.48,66.95,8.74,1.14,7.48,34.22,,,,,,,,,,26.26,23.42,27.24,6.8,0.0,8.18,14.87,4.12,20.09,15.76,13.31,0.19,26.39,3.44,0.45,2.95,13.49,,,,,,,,,,1.3275,1.3083333333333333,0.29583333333333334,0.29083333333333333,,0.3025,0.37666666666666665,9.3425,48.13166666666666,40.735,25.7175,0.24000000000000002,60.85916666666666,8.0425,1.3233333333333335,8.445833333333333,26.245833333333334,,,,,,,,,,36.9325,35.973333333333336,8.173333333333334,8.4375,,8.51,10.408333333333333,4.0808333333333335,21.073333333333334,17.776666666666667,11.2425,0.11333333333333333,26.56833333333333,3.5191666666666666,0.5841666666666667,3.830833333333334,11.32,,,,,,,,,
2018-04-01,0.64,0.88,0.53,0.62,0.0,0.36,0.32,9.34,37.58,26.54,35.28,0.53,56.94,7.56,1.08,11.64,25.68,,,,,,,,,,23.46,32.29,19.46,22.91,0.0,13.2,11.58,4.41,17.76,12.54,16.67,0.25,26.9,3.57,0.51,5.5,12.14,,,,,,,,,,1.2850000000000001,1.3099999999999998,0.32833333333333337,0.2966666666666667,,0.3025,0.3825,9.328333333333333,47.61666666666667,40.028333333333336,26.778333333333336,0.3891666666666667,60.665,8.035833333333333,1.2950000000000002,8.5175,26.38083333333333,,,,,,,,,,35.395833333333336,36.06916666666667,9.385833333333332,8.6675,,8.515833333333333,10.6275,4.078333333333333,20.849166666666665,17.458333333333332,11.754166666666668,0.18333333333333332,26.5025,3.5191666666666666,0.5716666666666667,3.869166666666667,11.395000000000001,,,,,,,,,
2018-05-01,1.11,1.04,0.28,0.46,0.0,0.35,0.35,8.78,39.2,27.47,36.99,2.06,54.49,7.33,1.1,13.83,19.71,,,,,,,,,,35.44,33.18,9.1,14.53,0.0,11.24,11.05,4.2,18.77,13.15,17.71,0.98,26.08,3.51,0.52,6.62,9.44,,,,,,,,,,1.285,1.3066666666666666,0.33583333333333326,0.30833333333333335,,0.30083333333333334,0.3808333333333333,9.314166666666667,47.01833333333334,39.524166666666666,27.585833333333337,0.535,60.530833333333334,8.009166666666667,1.265,8.59,26.441666666666666,,,,,,,,,,35.37083333333333,35.955,9.635833333333332,9.011666666666667,,8.4675,10.566666666666666,4.078333333333334,20.60166666666667,17.245,12.163333333333334,0.2533333333333333,26.484166666666667,3.5125000000000006,0.5575,3.9141666666666666,11.44,,,,,,,,,
2018-06-01,1.39,1.18,0.33,0.29,0.0,0.35,0.3,8.18,41.0,31.1,32.07,2.06,54.28,6.52,0.96,13.41,18.08,,,,,,,,,,39.18,33.17,9.31,8.21,0.0,9.82,8.52,3.98,19.94,15.13,15.6,1.0,26.4,3.17,0.47,6.52,8.79,,,,,,,,,,1.2975,1.2783333333333333,0.34249999999999997,0.3041666666666667,,0.29833333333333334,0.3933333333333333,9.3075,46.86333333333334,39.0475,28.123333333333335,0.6008333333333334,60.60833333333334,7.951666666666667,1.2333333333333334,8.5775,26.24416666666667,,,,,,,,,,35.723333333333336,35.14333333333333,9.820833333333335,8.900833333333333,,8.3925,10.915833333333333,4.081666666666666,20.558333333333334,17.040833333333335,12.444166666666668,0.28583333333333333,26.561666666666664,3.4899999999999998,0.5433333333333333,3.9175000000000004,11.359166666666667,,,,,,,,,
2018-07-01,1.6,1.38,0.38,0.91,0.0,0.4,0.19,8.37,48.53,38.69,26.86,1.62,57.96,7.27,1.03,15.44,14.28,,,,,,,,,,40.46,34.97,9.66,23.09,0.0,10.06,4.86,3.83,22.22,17.71,12.29,0.74,26.53,3.33,0.47,7.07,6.54,,,,,,,,,,1.3058333333333334,1.2591666666666665,0.34500000000000003,0.3441666666666667,,0.29583333333333334,0.385,9.316666666666666,47.001666666666665,38.80916666666667,28.31833333333334,0.6741666666666667,60.84583333333333,7.914999999999999,1.1991666666666667,8.762500000000001,25.886666666666667,,,,,,,,,,36.10916666666667,34.848333333333336,9.928333333333333,9.975833333333334,,8.365833333333333,10.7425,4.0841666666666665,20.611666666666668,16.923333333333332,12.527500000000002,0.31916666666666665,26.659166666666668,3.4716666666666662,0.5275,3.999166666666666,11.191666666666665,,,,,,,,,
2018-08-01,1.51,1.32,0.36,0.41,0.0,0.39,0.53,8.56,46.53,38.93,22.53,2.38,54.84,7.86,1.03,13.4,18.55,,,,,,,,,,36.69,32.21,8.81,10.02,0.0,9.42,12.9,4.04,21.92,18.34,10.61,1.12,25.84,3.7,0.49,6.32,8.74,,,,,,,,,,1.3158333333333334,1.2258333333333333,0.34833333333333333,0.3666666666666667,,0.29250000000000004,0.3875,9.3325,47.104166666666664,39.0625,28.19666666666667,0.77,60.58416666666667,7.914999999999999,1.17,8.845833333333333,25.905833333333334,,,,,,,,,,36.5,34.247499999999995,10.055833333333334,10.533333333333333,,8.325833333333334,10.865833333333335,4.090833333333333,20.653333333333332,17.037499999999998,12.466666666666669,0.3641666666666667,26.5275,3.47,0.5141666666666667,4.0375000000000005,11.198333333333332,,,,,,,,,
2018-09-01,1.19,1.43,0.3,0.34,0.0,0.32,0.44,8.62,46.58,37.53,20.45,1.01,55.12,7.82,1.01,10.89,21.96,,,,,,,,,,32.34,38.81,8.25,9.23,0.0,8.76,11.84,4.11,22.18,17.87,9.74,0.48,26.25,3.73,0.48,5.19,10.46,,,,,,,,,,1.3116666666666668,1.2341666666666666,0.3575,0.36083333333333334,,0.2891666666666666,0.4008333333333333,9.354166666666666,47.10166666666667,39.166666666666664,27.88,0.7799999999999999,60.45916666666667,7.927500000000001,1.1375,8.994166666666667,26.0925,,,,,,,,,,36.149166666666666,34.222500000000004,10.272499999999999,10.288333333333332,,8.183333333333334,11.166666666666666,4.1016666666666675,20.6525,17.087500000000002,12.315833333333332,0.36916666666666664,26.468333333333334,3.476666666666667,0.4983333333333333,4.108333333333333,11.2875,,,,,,,,,
2018-10-01,1.01,1.56,0.22,0.24,0.0,0.26,0.41,9.6,48.95,42.31,18.52,-0.2,58.86,8.21,1.07,7.57,30.1,,,,,,,,,,29.1,45.1,6.43,6.95,0.0,7.58,11.79,4.26,21.74,18.79,8.22,-0.09,26.14,3.65,0.48,3.36,13.37,,,,,,,,,,1.27,1.2633333333333334,0.36166666666666664,0.3866666666666667,,0.28583333333333333,0.40166666666666667,9.3825,47.12916666666666,39.18083333333333,27.712500000000002,0.8233333333333333,60.65083333333334,7.948333333333333,1.1141666666666665,9.040000000000001,26.047500000000003,,,,,,,,,,35.05833333333333,35.165,10.416666666666666,11.025833333333333,,8.124166666666666,11.2275,4.1125,20.655833333333334,17.08666666666667,12.237499999999999,0.38833333333333336,26.543333333333337,3.485,0.48833333333333334,4.1275,11.262500000000001,,,,,,,,,
2018-11-01,1.3,1.36,0.24,0.33,0.0,0.17,0.54,10.13,50.89,49.26,24.22,0.56,59.72,8.52,1.04,3.8,29.26,,,,,,,,,,36.09,37.72,6.64,9.04,0.0,4.59,14.96,4.28,21.49,20.8,10.22,0.24,25.22,3.6,0.44,1.6,12.36,,,,,,,,,,1.2483333333333333,1.2491666666666668,0.3658333333333333,0.4175,,0.28583333333333333,0.42,9.407499999999999,46.8225,38.961666666666666,27.860833333333332,0.9033333333333333,60.64000000000001,7.954999999999999,1.0825,9.050833333333333,26.165833333333335,,,,,,,,,,34.61666666666667,34.920833333333334,10.556666666666667,11.87,,8.131666666666668,11.767499999999998,4.1275,20.551666666666666,17.018333333333334,12.31,0.42250000000000004,26.566666666666666,3.491666666666667,0.47583333333333333,4.133333333333334,11.325833333333334,,,,,,,,,
2018-12-01,1.62,1.72,0.25,0.47,0.0,0.17,0.42,10.85,47.36,46.52,26.1,-1.4,68.66,8.81,1.09,2.94,35.97,,,,,,,,,,38.76,41.0,5.97,11.25,0.0,4.16,10.1,4.37,19.07,18.74,10.51,-0.57,27.65,3.55,0.44,1.19,14.48,,,,,,,,,,1.2683333333333333,1.27,0.365,0.43583333333333335,,0.285,0.40499999999999997,9.455833333333333,46.645833333333336,38.92583333333334,27.9525,0.8400000000000002,60.50833333333333,7.974999999999999,1.0633333333333332,9.0675,25.914166666666663,,,,,,,,,,34.891666666666666,35.19583333333333,10.495,12.274166666666666,,8.088333333333333,11.323333333333332,4.154166666666667,20.514999999999997,17.036666666666665,12.364166666666668,0.3958333333333333,26.5625,3.5058333333333334,0.4691666666666667,4.1425,11.250833333333334,,,,,,,,,
2019-01-01,1.41,2.16,0.35,0.29,0.0,0.17,0.58,11.26,51.37,55.58,25.21,-0.8,71.86,9.35,1.19,3.62,38.36,41.18,898.59,510.9,315.86,243.17,82.64,8.97,36.25,123.53,30.19,46.32,7.52,6.19,0.0,3.58,12.42,4.2,19.18,20.75,9.41,-0.3,26.83,3.49,0.44,1.35,14.32,1.82,39.74,22.6,13.97,10.76,3.66,0.4,1.6,5.46,1.2533333333333332,1.3358333333333334,0.37749999999999995,0.41333333333333333,,0.2825,0.4175,9.521666666666667,46.843333333333334,39.97416666666667,27.545833333333334,0.8133333333333334,60.43833333333333,8.008333333333335,1.0658333333333334,9.095833333333333,25.99416666666667,41.18,898.59,510.9,315.86,243.17,82.64,8.97,36.25,123.53,33.91416666666667,36.0425,10.681666666666667,11.559166666666664,,7.953333333333333,11.4075,4.163333333333333,20.518333333333334,17.366666666666667,12.169166666666667,0.38666666666666666,26.4325,3.5058333333333334,0.46833333333333327,4.148333333333333,11.226666666666667,1.82,39.74,22.6,13.97,10.76,3.66,0.4,1.6,5.46
2019-02-01,0.9,1.42,0.25,0.8,0.0,0.22,0.56,9.76,42.35,43.86,24.05,-1.88,64.92,7.88,1.06,6.74,31.09,36.23,735.45,445.21,302.39,220.23,67.9,8.28,42.03,109.96,26.88,42.4,7.49,23.81,0.0,6.48,16.77,4.21,18.28,18.93,10.38,-0.81,28.02,3.4,0.46,2.91,13.42,1.84,37.38,22.63,15.37,11.19,3.45,0.42,2.14,5.59,1.2166666666666666,1.3558333333333332,0.36999999999999994,0.45,,0.2866666666666667,0.43,9.491666666666665,45.9425,39.815000000000005,27.170833333333334,0.535,60.38333333333333,7.989166666666667,1.0666666666666667,9.23,26.438333333333333,38.705,817.02,478.05499999999995,309.125,231.7,75.27000000000001,8.625,39.14,116.745,32.90416666666667,36.715833333333336,10.49,12.669166666666667,,8.089166666666667,11.805,4.1675,20.22,17.375833333333333,12.055833333333334,0.26916666666666667,26.520833333333332,3.5116666666666667,0.4708333333333334,4.215,11.4625,1.83,38.56,22.615000000000002,14.67,10.975,3.555,0.41000000000000003,1.87,5.525
2019-03-01,1.02,0.98,0.16,1.0,0.0,0.35,0.56,10.51,35.35,39.76,25.63,-2.67,66.77,7.81,1.17,9.83,41.45,38.53,789.98,474.92,326.95,232.88,61.87,8.86,57.72,134.14,33.36,31.83,5.31,32.48,0.0,11.27,18.24,4.41,14.84,16.69,10.76,-1.12,28.02,3.28,0.49,4.12,17.4,1.81,37.16,22.34,15.38,10.96,2.91,0.42,2.72,6.31,1.2249999999999999,1.3691666666666666,0.30416666666666664,0.5133333333333333,,0.29250000000000004,0.43333333333333335,9.496666666666668,44.64083333333334,39.795833333333334,26.492500000000003,0.2725,60.36833333333333,7.911666666666666,1.0691666666666666,9.425833333333333,27.040833333333335,38.64666666666667,808.0066666666667,477.01,315.06666666666666,232.09333333333333,70.80333333333333,8.703333333333333,45.333333333333336,122.54333333333334,33.49583333333333,37.416666666666664,8.6625,14.809166666666664,,8.346666666666666,12.085833333333333,4.191666666666666,19.782500000000002,17.453333333333337,11.843333333333334,0.16,26.656666666666666,3.4983333333333335,0.4741666666666666,4.3125,11.788333333333332,1.8233333333333335,38.093333333333334,22.52333333333333,14.906666666666666,10.969999999999999,3.34,0.41333333333333333,2.1533333333333338,5.786666666666666
2019-04-01,0.93,1.03,0.15,0.92,0.0,0.31,0.39,9.38,34.13,36.88,25.8,-0.71,60.61,7.06,1.14,12.3,26.95,35.85,725.02,442.25,330.99,215.49,57.39,8.62,63.76,119.06,33.03,36.68,5.46,32.74,0.0,11.06,13.78,4.38,15.93,17.21,12.04,-0.33,28.29,3.3,0.53,5.74,12.58,1.79,36.28,22.13,16.56,10.78,2.87,0.43,3.19,5.96,1.2491666666666668,1.3816666666666668,0.2725,0.5383333333333333,,0.2883333333333334,0.43916666666666665,9.5,44.35333333333333,40.6575,25.7025,0.1691666666666667,60.67416666666667,7.870000000000001,1.0741666666666667,9.480833333333335,27.146666666666665,37.9475,787.26,468.32,319.0475,227.9425,67.45,8.6825,49.94,121.6725,34.29333333333333,37.782500000000006,7.495833333333334,15.628333333333332,,8.168333333333335,12.269166666666665,4.189166666666667,19.63,17.842499999999998,11.457500000000001,0.11166666666666664,26.772499999999997,3.4758333333333336,0.47583333333333333,4.3325,11.825000000000001,1.815,37.64,22.425,15.32,10.9225,3.2225,0.4175,2.4125,5.83
2019-05-01,0.75,1.03,0.21,1.01,0.0,0.36,0.36,8.94,32.25,37.2,30.21,-0.41,57.73,6.83,1.15,13.49,25.98,36.73,737.25,484.88,375.58,218.92,60.52,8.79,69.66,118.38,27.84,38.12,7.69,37.38,0.0,13.27,13.12,4.18,15.09,17.4,14.13,-0.19,27.0,3.19,0.54,6.31,12.16,1.74,34.93,22.97,17.79,10.37,2.87,0.42,3.3,5.61,1.2191666666666667,1.3808333333333334,0.26666666666666666,0.5841666666666666,,0.2891666666666667,0.44,9.513333333333334,43.77416666666667,41.468333333333334,25.1375,-0.03666666666666661,60.94416666666667,7.828333333333333,1.0783333333333334,9.4525,27.66916666666667,37.70399999999999,777.258,471.63199999999995,330.354,226.138,66.064,8.703999999999999,53.88399999999999,121.01399999999998,33.660000000000004,38.19416666666667,7.378333333333333,17.5325,,8.3375,12.441666666666668,4.1875,19.323333333333334,18.196666666666665,11.159166666666666,0.014166666666666642,26.849166666666665,3.4491666666666667,0.4775,4.306666666666667,12.051666666666668,1.8,37.098,22.534,15.813999999999998,10.812000000000001,3.152,0.418,2.59,5.786
2019-06-01,0.87,1.48,0.29,0.86,0.0,0.39,0.39,8.26,28.4,39.77,31.06,0.61,55.23,5.91,0.95,16.24,20.17,35.27,756.86,527.7,373.6,217.64,64.98,8.25,70.62,103.41,25.38,43.2,8.5,25.27,0.0,11.45,11.45,4.01,13.79,19.31,15.08,0.3,26.81,2.87,0.46,7.88,9.79,1.63,35.07,24.45,17.31,10.08,3.01,0.38,3.27,4.79,1.1758333333333333,1.4058333333333335,0.2633333333333333,0.6316666666666667,,0.29250000000000004,0.4475,9.52,42.72416666666667,42.19083333333334,25.05333333333333,-0.15749999999999997,61.02333333333333,7.7775,1.0775000000000001,9.688333333333333,27.843333333333334,37.29833333333333,773.8583333333332,480.9766666666667,337.56166666666667,224.72166666666666,65.88333333333334,8.628333333333332,56.673333333333325,118.08,32.51,39.03,7.310833333333332,18.954166666666666,,8.473333333333334,12.685833333333333,4.19,18.81083333333333,18.544999999999998,11.115833333333333,-0.04416666666666669,26.883333333333336,3.424166666666667,0.4766666666666666,4.42,12.134999999999998,1.7716666666666667,36.76,22.853333333333335,16.063333333333333,10.69,3.1283333333333334,0.4116666666666666,2.703333333333333,5.62
2019-07-01,0.83,1.91,0.32,0.99,0.0,0.41,0.41,8.55,31.96,50.48,26.39,3.02,57.98,6.11,1.08,15.55,19.55,37.13,847.19,597.65,397.86,229.86,78.09,8.58,70.38,100.85,21.38,49.3,8.24,25.64,0.0,10.48,10.61,3.93,14.68,23.19,12.13,1.39,26.64,2.81,0.5,7.14,8.98,1.57,35.78,25.24,16.8,9.71,3.3,0.36,2.97,4.26,1.1116666666666666,1.4500000000000002,0.25833333333333336,0.6383333333333333,,0.29333333333333333,0.4658333333333333,9.535,41.343333333333334,43.17333333333334,25.014166666666664,-0.04083333333333331,61.025000000000006,7.680833333333333,1.0816666666666668,9.6975,28.2825,37.27428571428572,784.3342857142858,497.64428571428573,346.17571428571426,225.4557142857143,67.62714285714286,8.62142857142857,58.631428571428565,115.61857142857141,30.92,40.22416666666667,7.1925,19.166666666666668,,8.508333333333335,13.165000000000001,4.198333333333333,18.1825,19.001666666666665,11.102500000000001,0.009999999999999972,26.8925,3.3808333333333334,0.4791666666666667,4.425833333333333,12.338333333333333,1.7428571428571427,36.620000000000005,23.194285714285712,16.16857142857143,10.549999999999999,3.152857142857143,0.4042857142857143,2.7414285714285715,5.425714285714285
2019-08-01,0.85,1.78,0.35,0.76,0.0,0.42,0.68,8.64,29.73,48.1,22.38,3.66,57.3,6.81,1.08,14.62,18.71,37.88,844.98,601.61,383.24,230.04,73.26,8.67,70.53,99.85,20.73,43.6,8.63,18.7,0.0,10.32,16.72,4.17,14.34,23.19,10.79,1.76,27.63,3.28,0.52,7.05,9.02,1.61,35.96,25.6,16.31,9.79,3.12,0.37,3.0,4.25,1.0566666666666666,1.4883333333333333,0.2575,0.6675,,0.29583333333333334,0.47833333333333333,9.541666666666666,39.943333333333335,43.9375,25.001666666666665,0.06583333333333337,61.23,7.593333333333334,1.0858333333333334,9.799166666666666,28.295833333333338,37.35,791.915,510.64,350.80875000000003,226.02875,68.33125,8.6275,60.11875,113.6475,29.590000000000003,41.17333333333333,7.177499999999999,19.89,,8.583333333333334,13.483333333333334,4.209166666666667,17.550833333333333,19.405833333333334,11.1175,0.0633333333333333,27.041666666666668,3.345833333333333,0.48166666666666663,4.486666666666667,12.361666666666665,1.72625,36.5375,23.495,16.18625,10.455,3.14875,0.4,2.77375,5.27875
2019-09-01,0.62,1.65,0.24,0.7,0.0,0.36,0.45,8.19,29.44,47.62,19.89,1.71,55.84,6.78,1.06,11.19,26.28,36.37,767.0,548.16,345.21,217.21,68.02,8.64,63.51,106.84,18.76,49.78,7.1,21.08,0.0,10.78,13.59,3.97,14.27,23.08,9.64,0.83,27.07,3.29,0.52,5.42,12.74,1.68,35.49,25.37,15.98,10.05,3.15,0.4,2.94,4.94,1.0091666666666668,1.5066666666666668,0.2525,0.6974999999999999,,0.2991666666666667,0.4791666666666667,9.505833333333333,38.515,44.778333333333336,24.955000000000002,0.1241666666666667,61.29,7.506666666666667,1.09,9.824166666666667,28.655833333333334,37.24111111111111,789.1466666666666,514.8088888888889,350.18666666666667,225.04888888888888,68.29666666666668,8.628888888888888,60.49555555555556,112.89111111111112,28.458333333333332,42.0875,7.081666666666667,20.877499999999998,,8.751666666666667,13.629166666666665,4.1975,16.891666666666666,19.84,11.109166666666667,0.09249999999999996,27.11,3.309166666666666,0.48500000000000004,4.505833333333333,12.551666666666668,1.721111111111111,36.42111111111112,23.703333333333333,16.163333333333334,10.41,3.148888888888889,0.4,2.792222222222222,5.2411111111111115
2019-10-01,0.68,1.56,0.17,0.59,0.0,0.3,0.36,9.64,35.05,51.98,20.82,0.18,58.84,7.39,1.09,7.79,29.66,38.02,744.21,525.16,336.44,218.24,59.09,8.6,56.38,118.68,22.27,50.74,5.59,19.21,0.0,9.75,11.6,4.34,15.77,23.39,9.37,0.08,26.47,3.33,0.49,3.51,13.34,1.81,35.36,24.95,15.98,10.37,2.81,0.41,2.68,5.64,0.9816666666666668,1.5066666666666666,0.24833333333333332,0.7266666666666666,,0.3025,0.47500000000000003,9.509166666666667,37.35666666666666,45.58416666666667,25.146666666666665,0.15583333333333335,61.288333333333334,7.4383333333333335,1.0916666666666668,9.8425,28.61916666666667,37.319,784.653,515.8439999999999,348.812,224.368,67.376,8.626,60.084,113.47,27.889166666666668,42.5575,7.011666666666667,21.89916666666667,,8.9325,13.613333333333335,4.204166666666667,16.394166666666667,20.223333333333333,11.205,0.10666666666666663,27.1375,3.2825,0.48583333333333334,4.5183333333333335,12.549166666666666,1.73,36.315,23.828,16.145,10.406,3.1149999999999998,0.40099999999999997,2.781,5.281000000000001
2019-11-01,0.78,1.2,0.17,0.84,0.0,0.17,0.47,10.25,39.84,48.37,29.28,-0.43,58.67,7.54,1.08,3.85,34.26,40.06,792.73,478.9,321.85,223.26,76.21,8.31,46.01,127.92,27.93,43.01,5.94,29.9,0.0,6.23,16.83,4.4,17.09,20.75,12.56,-0.18,25.16,3.24,0.46,1.65,14.69,1.89,37.48,22.64,15.22,10.56,3.6,0.39,2.17,6.05,0.9383333333333334,1.4933333333333332,0.24249999999999997,0.7691666666666666,,0.3025,0.4691666666666667,9.519166666666667,36.435833333333335,45.51,25.56833333333333,0.07333333333333336,61.20083333333333,7.3566666666666665,1.095,9.846666666666666,29.035833333333333,37.56818181818182,785.3872727272727,512.4854545454546,346.3609090909091,224.26727272727274,68.17909090909092,8.597272727272726,58.804545454545455,114.78363636363635,27.209166666666665,42.998333333333335,6.953333333333334,23.6375,,9.069166666666666,13.769166666666665,4.214166666666666,16.0275,20.219166666666666,11.4,0.07166666666666664,27.132499999999997,3.2524999999999995,0.48750000000000004,4.5225,12.743333333333332,1.7445454545454546,36.42090909090909,23.720000000000002,16.06090909090909,10.42,3.159090909090909,0.4,2.7254545454545456,5.350909090909091
2019-12-01,1.03,1.1,0.26,1.16,0.0,0.15,0.6,10.85,34.5,42.83,33.63,-1.79,64.31,7.89,1.09,3.6,42.07,42.19,871.04,504.4,317.08,241.24,86.98,8.6,43.46,143.78,32.81,35.0,8.43,36.78,0.0,4.84,18.93,4.5,14.33,17.79,13.97,-0.74,26.71,3.28,0.45,1.49,17.47,1.87,38.56,22.33,14.04,10.68,3.85,0.38,1.92,6.36,0.8891666666666668,1.4416666666666667,0.24333333333333332,0.8266666666666667,,0.30083333333333334,0.4841666666666667,9.519166666666665,35.36416666666667,45.20249999999999,26.195833333333336,0.04083333333333335,60.83833333333333,7.28,1.095,9.901666666666667,29.54416666666667,37.95333333333333,792.525,511.81166666666667,343.92083333333335,225.68166666666664,69.74583333333334,8.5975,57.52583333333333,117.2,26.713333333333335,42.498333333333335,7.158333333333334,25.765,,9.125833333333333,14.505,4.2250000000000005,15.6325,20.14,11.688333333333334,0.05749999999999996,27.054166666666664,3.23,0.48833333333333334,4.5475,12.9925,1.755,36.59916666666667,23.604166666666668,15.8925,10.441666666666666,3.216666666666667,0.3983333333333334,2.658333333333333,5.435
2020-01-01,1.06,1.76,0.21,0.91,0.0,0.22,0.59,10.57,35.45,55.98,29.25,-0.9,68.05,7.76,1.13,4.49,41.94,41.34,846.03,515.9,306.32,238.13,89.87,9.09,45.93,133.64,27.58,45.78,5.52,23.62,0.0,5.78,15.34,4.15,13.92,21.99,11.49,-0.36,26.72,3.05,0.44,1.76,16.47,1.86,38.0,23.17,13.76,10.7,4.04,0.41,2.06,6.0,0.86,1.4083333333333332,0.2316666666666667,0.8783333333333333,,0.305,0.48500000000000004,9.461666666666668,34.0375,45.23583333333334,26.5325,0.03250000000000002,60.520833333333336,7.1475,1.09,9.974166666666667,29.8425,37.96666666666667,788.145,512.2283333333334,343.12583333333333,225.26166666666666,70.34833333333334,8.6075,58.3325,118.0425,26.495833333333334,42.45333333333333,6.991666666666666,27.2175,,9.309166666666666,14.748333333333333,4.220833333333333,15.194166666666668,20.243333333333332,11.861666666666666,0.05249999999999996,27.044999999999998,3.1933333333333334,0.48833333333333334,4.581666666666666,13.171666666666667,1.7583333333333335,36.454166666666666,23.651666666666667,15.875,10.436666666666666,3.248333333333333,0.3991666666666666,2.6966666666666668,5.48
2020-02-01,0.77,1.28,0.11,1.05,0.0,0.27,0.62,9.47,27.12,45.24,28.22,-2.08,60.57,6.88,1.07,6.83,49.25,38.45,631.39,466.94,308.11,216.23,68.68,8.61,53.35,144.82,25.32,42.08,3.54,34.37,0.0,8.89,20.17,4.04,11.56,19.28,12.02,-0.89,25.81,2.93,0.45,2.91,20.99,1.99,32.6,24.11,15.91,11.16,3.55,0.44,2.76,7.48,0.8491666666666667,1.3966666666666667,0.22,0.8991666666666668,,0.30916666666666665,0.48999999999999994,9.4375,32.76833333333334,45.350833333333334,26.88,0.015833333333333328,60.15833333333333,7.064166666666666,1.0908333333333333,9.981666666666667,31.355833333333337,38.151666666666664,779.4733333333332,514.0391666666667,343.60249999999996,224.9283333333333,70.41333333333334,8.635,59.27583333333334,120.94749999999999,26.36583333333333,42.42666666666667,6.6625000000000005,28.0975,,9.51,15.031666666666666,4.206666666666666,14.634166666666667,20.2725,11.998333333333333,0.04583333333333329,26.860833333333332,3.154166666666667,0.48750000000000004,4.581666666666667,13.8025,1.7708333333333333,36.05583333333333,23.774999999999995,15.92,10.434166666666666,3.2566666666666664,0.4008333333333333,2.748333333333333,5.6375
2020-03-01,0.46,1.22,0.14,1.13,0.0,0.32,0.64,10.32,27.72,41.37,31.28,-0.44,59.79,7.08,1.14,11.46,40.47,40.08,704.44,476.81,332.76,225.37,57.64,9.38,69.7,148.65,16.67,43.87,4.99,40.45,0.0,11.42,23.03,4.47,12.02,17.94,13.56,-0.19,25.92,3.07,0.49,4.97,17.55,1.94,34.12,23.09,16.12,10.92,2.79,0.45,3.38,7.2,0.8025000000000001,1.4166666666666667,0.21833333333333335,0.9099999999999998,,0.30666666666666664,0.49666666666666665,9.421666666666667,32.1325,45.48499999999999,27.350833333333338,0.20166666666666666,59.576666666666675,7.003333333333333,1.0883333333333334,10.117500000000001,31.274166666666662,38.280833333333334,772.3449999999999,514.1966666666667,344.08666666666664,224.3025,70.06083333333333,8.678333333333333,60.274166666666666,122.15666666666668,24.974999999999998,43.43,6.635833333333333,28.761666666666667,,9.522499999999999,15.430833333333332,4.211666666666667,14.399166666666666,20.376666666666665,12.231666666666667,0.1233333333333333,26.685833333333335,3.1366666666666667,0.48750000000000004,4.6525,13.815,1.781666666666667,35.8025,23.837500000000002,15.981666666666667,10.430833333333334,3.246666666666666,0.4033333333333333,2.8033333333333332,5.711666666666667
2020-04-01,0.34,1.15,0.15,0.65,0.0,0.35,0.6,9.35,19.83,32.29,27.46,0.39,51.6,6.23,1.08,16.13,26.48,38.15,656.61,420.88,311.27,208.01,46.73,9.09,80.32,124.58,13.09,44.57,5.77,25.06,0.0,13.48,23.08,4.91,10.41,16.95,14.42,0.21,27.09,3.27,0.57,8.47,13.9,2.01,34.64,22.2,16.42,10.97,2.46,0.48,4.24,6.57,0.7533333333333333,1.4266666666666667,0.21833333333333335,0.8874999999999998,,0.31,0.5141666666666667,9.419166666666667,30.940833333333334,45.1025,27.489166666666666,0.29333333333333333,58.82583333333334,6.934166666666666,1.0833333333333335,10.436666666666666,31.235,38.4725,766.6441666666666,512.4158333333334,342.4433333333333,223.67916666666667,69.1725,8.7175,61.65416666666667,122.61666666666666,23.313333333333336,44.0875,6.661666666666666,28.121666666666666,,9.724166666666667,16.205833333333334,4.255833333333333,13.939166666666665,20.355,12.43,0.1683333333333333,26.58583333333333,3.1341666666666668,0.4908333333333333,4.88,13.924999999999999,1.7999999999999998,35.66583333333333,23.843333333333334,15.969999999999999,10.446666666666667,3.2125,0.4075,2.890833333333333,5.7625
2020-05-01,0.22,1.34,0.21,0.73,0.0,0.42,0.4,9.43,19.55,32.86,31.37,1.15,47.89,6.28,1.09,17.62,25.47,39.24,702.55,450.46,346.02,211.31,51.54,8.92,85.06,128.4,8.31,51.98,8.08,28.21,0.0,16.04,15.61,4.92,10.21,17.16,16.38,0.6,25.0,3.28,0.57,9.2,13.29,1.94,34.72,22.26,17.1,10.44,2.55,0.44,4.2,6.34,0.7091666666666666,1.4525,0.21833333333333335,0.8641666666666666,,0.315,0.5175,9.46,29.882500000000004,44.740833333333335,27.585833333333337,0.42333333333333334,58.005833333333335,6.888333333333333,1.0783333333333334,10.780833333333334,31.1925,38.681666666666665,763.7524999999999,509.54749999999996,339.98,223.045,68.42416666666666,8.728333333333333,62.9375,123.45166666666667,21.685833333333335,45.2425,6.694166666666668,27.357499999999998,,9.955,16.41333333333333,4.3175,13.532499999999999,20.335,12.6175,0.23416666666666663,26.419166666666666,3.141666666666667,0.49333333333333335,5.120833333333334,14.019166666666665,1.8166666666666667,35.64833333333333,23.784166666666664,15.912500000000001,10.452499999999999,3.1858333333333335,0.4091666666666667,2.9658333333333338,5.823333333333333
2020-06-01,0.22,1.5,0.3,0.8,0.0,0.42,0.4,8.61,21.81,40.08,30.82,2.05,43.97,5.49,1.0,16.99,20.8,37.49,742.0,514.58,381.77,207.08,62.08,8.66,81.39,118.69,7.61,52.68,10.49,28.0,0.0,14.97,14.26,4.54,11.5,21.14,16.26,1.08,23.19,2.89,0.53,8.96,10.97,1.74,34.45,23.89,17.73,9.62,2.88,0.4,3.78,5.51,0.655,1.4541666666666666,0.21916666666666665,0.8591666666666665,,0.31749999999999995,0.5183333333333334,9.489166666666668,29.33333333333334,44.76666666666666,27.565833333333334,0.5433333333333333,57.067499999999995,6.853333333333333,1.0825,10.843333333333334,31.245,38.86666666666667,762.5141666666667,508.4541666666667,340.66083333333336,222.165,68.18249999999999,8.762500000000001,63.835,124.72499999999998,20.205000000000002,46.0325,6.86,27.584999999999997,,10.248333333333333,16.647499999999997,4.361666666666667,13.341666666666667,20.4875,12.715833333333334,0.29916666666666664,26.117499999999996,3.143333333333333,0.4991666666666667,5.210833333333333,14.1175,1.8258333333333334,35.59666666666667,23.7375,15.9475,10.414166666666667,3.1749999999999994,0.4108333333333334,3.008333333333333,5.883333333333333
2020-07-01,0.3,2.12,0.32,0.88,0.0,0.46,0.66,8.65,23.75,48.88,27.51,3.72,47.28,6.02,1.07,18.55,23.09,38.72,812.95,597.72,424.69,214.3,68.85,8.81,84.71,110.33,7.76,54.78,8.33,22.67,0.0,11.93,17.18,4.22,11.6,23.87,13.43,1.82,23.09,2.94,0.52,9.06,11.27,1.64,34.43,25.32,17.99,9.08,2.92,0.37,3.59,4.67,0.6108333333333333,1.4716666666666667,0.21916666666666665,0.85,,0.3216666666666667,0.5391666666666667,9.4975,28.64916666666667,44.63333333333333,27.659166666666668,0.6016666666666667,56.17583333333334,6.845833333333334,1.0816666666666668,11.093333333333334,31.540000000000003,38.99916666666667,759.6608333333334,508.46,342.8966666666667,220.86833333333334,67.41250000000001,8.781666666666668,65.02916666666667,125.515,19.07,46.48916666666667,6.8675,27.337500000000002,,10.369166666666667,17.194999999999997,4.385833333333333,13.084999999999999,20.544166666666666,12.824166666666665,0.33499999999999996,25.82166666666667,3.154166666666667,0.5008333333333334,5.370833333333334,14.308333333333332,1.8316666666666668,35.48416666666666,23.74416666666667,16.046666666666667,10.361666666666666,3.143333333333333,0.4116666666666666,3.06,5.9175
2020-08-01,0.35,1.95,0.28,0.98,0.0,0.44,0.5,8.86,26.64,45.86,25.99,3.67,48.02,6.55,1.07,16.86,20.91,38.35,858.25,601.29,410.56,212.56,69.98,8.87,85.8,112.98,9.82,55.27,8.06,27.79,0.0,12.52,14.34,4.41,13.27,22.84,12.94,1.83,23.92,3.26,0.53,8.4,10.42,1.6,35.78,25.07,17.12,8.86,2.92,0.37,3.58,4.71,0.5691666666666667,1.4858333333333331,0.21333333333333335,0.8683333333333333,,0.32333333333333336,0.5241666666666666,9.515833333333333,28.391666666666666,44.446666666666665,27.960000000000004,0.6025,55.4025,6.824166666666667,1.0808333333333333,11.280000000000001,31.72333333333333,39.038333333333334,760.7666666666668,508.43333333333334,345.17333333333335,219.41166666666666,67.13916666666667,8.798333333333334,66.30166666666666,126.60916666666667,18.160833333333333,47.461666666666666,6.82,28.095000000000002,,10.5525,16.996666666666666,4.405833333333333,12.995833333333335,20.515,13.003333333333336,0.3408333333333333,25.512500000000003,3.1525,0.5016666666666667,5.483333333333333,14.424999999999999,1.8308333333333335,35.469166666666666,23.700000000000003,16.114166666666666,10.284166666666666,3.126666666666667,0.4116666666666666,3.108333333333333,5.9558333333333335
2020-09-01,0.32,1.73,0.23,0.44,0.0,0.38,0.84,8.92,30.57,45.18,23.31,4.36,47.41,6.66,1.06,13.66,24.12,37.66,751.98,538.57,391.13,204.44,65.39,8.6,76.72,110.95,9.21,49.4,6.64,12.52,0.0,10.7,24.07,4.44,15.22,22.49,11.6,2.17,23.6,3.32,0.53,6.8,12.0,1.72,34.41,24.64,17.9,9.36,2.99,0.39,3.51,5.08,0.5441666666666667,1.4925,0.2125,0.8466666666666667,,0.325,0.5566666666666666,9.576666666666666,28.485833333333332,44.24333333333333,28.245,0.8233333333333333,54.699999999999996,6.814166666666666,1.0808333333333333,11.485833333333334,31.543333333333333,39.145833333333336,759.515,507.6341666666667,349.0,218.3475,66.92,8.795,67.40249999999999,126.95166666666667,17.365,47.43,6.781666666666666,27.381666666666664,,10.545833333333333,17.87,4.445,13.075000000000001,20.465833333333332,13.166666666666666,0.45249999999999996,25.223333333333333,3.155,0.5025000000000001,5.598333333333333,14.363333333333332,1.8341666666666665,35.37916666666666,23.639166666666668,16.274166666666666,10.226666666666667,3.1133333333333333,0.4108333333333334,3.1558333333333333,5.9675
2020-10-01,0.34,1.51,0.15,0.72,0.0,0.32,0.51,9.55,32.28,39.56,28.11,2.7,54.22,6.93,1.12,8.42,38.79,40.38,724.04,504.77,385.22,211.28,57.52,8.71,67.64,141.67,12.14,53.34,5.3,25.28,0.0,11.23,17.97,4.36,14.74,18.07,12.84,1.23,24.76,3.16,0.51,3.85,17.72,1.89,33.81,23.57,17.99,9.87,2.69,0.41,3.16,6.62,0.5158333333333333,1.4883333333333333,0.21083333333333334,0.8575,,0.32666666666666666,0.5691666666666667,9.569166666666666,28.255000000000006,43.208333333333336,28.852500000000003,1.0333333333333334,54.315,6.775833333333334,1.0833333333333333,11.538333333333334,32.30416666666667,39.3425,757.8341666666666,505.935,353.065,217.7675,66.78916666666667,8.804166666666665,68.34083333333332,128.86749999999998,16.520833333333332,47.64666666666667,6.7575,27.8875,,10.669166666666667,18.40083333333333,4.446666666666666,12.989166666666668,20.0225,13.455833333333333,0.5483333333333333,25.080833333333334,3.140833333333333,0.5041666666666667,5.626666666666666,14.728333333333333,1.8408333333333333,35.25,23.52416666666667,16.441666666666666,10.185,3.1033333333333335,0.41083333333333333,3.1958333333333333,6.049166666666667
2020-11-01,0.63,1.51,0.18,0.34,0.0,0.23,0.85,9.85,35.72,48.42,27.14,0.11,57.76,6.95,1.09,5.59,33.28,42.54,798.05,482.07,320.85,218.94,66.46,8.68,56.83,145.24,18.52,44.39,5.21,9.86,0.0,6.74,25.14,4.36,15.82,21.44,12.02,0.05,25.58,3.08,0.48,2.48,14.74,1.99,37.3,22.53,15.0,10.23,3.11,0.41,2.66,6.79,0.5033333333333334,1.5141666666666664,0.21166666666666667,0.8158333333333333,,0.33166666666666667,0.6008333333333333,9.535833333333334,27.911666666666665,43.2125,28.674166666666668,1.0783333333333334,54.23916666666667,6.726666666666667,1.0841666666666667,11.683333333333332,32.2225,39.54916666666667,758.2775,506.1991666666666,352.9816666666666,217.4075,65.97666666666667,8.835,69.24249999999999,130.31083333333333,15.736666666666666,47.76166666666666,6.696666666666665,26.2175,,10.711666666666666,19.093333333333334,4.443333333333333,12.883333333333333,20.080000000000002,13.410833333333334,0.5675,25.115833333333338,3.1275,0.5058333333333334,5.695833333333333,14.7325,1.8491666666666664,35.235,23.515,16.423333333333336,10.157499999999999,3.0625,0.4124999999999999,3.2366666666666664,6.110833333333333
2020-12-01,0.84,1.84,0.16,0.26,0.0,0.15,0.83,10.8,35.15,49.99,29.96,0.83,63.94,7.42,1.12,3.46,39.88,44.73,937.43,516.34,324.96,239.82,84.04,9.13,53.18,158.46,22.08,48.15,4.08,6.74,0.0,3.92,21.76,4.47,14.54,20.68,12.39,0.34,26.45,3.07,0.46,1.43,16.5,1.89,39.59,21.8,13.72,10.13,3.55,0.38,2.24,6.69,0.48750000000000004,1.5758333333333336,0.20333333333333334,0.7408333333333332,,0.3316666666666667,0.62,9.531666666666668,27.965833333333332,43.80916666666666,28.368333333333336,1.2966666666666666,54.20833333333332,6.6875,1.0866666666666667,11.671666666666667,32.04,39.76083333333333,763.8100000000001,507.19416666666666,353.6383333333333,217.2891666666667,65.73166666666667,8.879166666666666,70.0525,131.53416666666666,14.842500000000001,48.857499999999995,6.334166666666667,23.714166666666667,,10.635,19.329166666666666,4.440833333333333,12.900833333333333,20.320833333333336,13.279166666666667,0.6575,25.094166666666666,3.11,0.5066666666666667,5.690833333333334,14.651666666666666,1.8508333333333333,35.32083333333333,23.47083333333333,16.396666666666665,10.111666666666666,3.0374999999999996,0.4124999999999999,3.263333333333333,6.138333333333333
2021-01-01,0.59,1.72,0.64,-0.08,0.0,0.21,1.06,11.76,39.98,52.49,34.63,2.16,67.99,7.63,1.11,4.14,38.21,44.34,952.33,518.89,323.33,238.24,87.68,9.39,58.5,158.7,13.92,40.88,15.08,-1.87,0.0,4.96,25.13,4.56,15.5,20.35,13.43,0.84,26.36,2.96,0.43,1.6,14.81,1.85,39.82,21.7,13.52,9.96,3.67,0.39,2.45,6.64,0.4483333333333333,1.5725,0.23916666666666667,0.6583333333333333,,0.33083333333333337,0.6591666666666667,9.630833333333333,28.343333333333334,43.51833333333334,28.816666666666663,1.5516666666666667,54.203333333333326,6.676666666666667,1.0850000000000002,11.642499999999998,31.729166666666668,40.01083333333333,772.6683333333334,507.4433333333334,355.05583333333334,217.29833333333332,65.54916666666666,8.904166666666667,71.1,133.6225,13.704166666666667,48.44916666666666,7.130833333333334,21.59,,10.566666666666668,20.145,4.4750000000000005,13.032499999999999,20.184166666666666,13.440833333333336,0.7575,25.06416666666667,3.1024999999999996,0.5058333333333334,5.677499999999999,14.513333333333334,1.8499999999999999,35.472500000000004,23.348333333333333,16.37666666666667,10.049999999999999,3.0066666666666664,0.41083333333333333,3.295833333333334,6.191666666666666
2021-02-01,0.52,0.94,0.77,0.43,0.0,0.29,0.78,10.45,31.13,42.58,34.7,0.69,58.62,6.76,1.01,7.3,37.1,41.07,728.16,454.92,308.01,212.78,60.52,7.86,66.99,155.29,15.8,28.41,23.42,13.09,0.0,8.75,23.61,4.55,13.55,18.54,15.11,0.3,25.53,2.94,0.44,3.18,16.16,2.02,35.77,22.35,15.13,10.45,2.97,0.39,3.29,7.63,0.4275,1.5441666666666665,0.2941666666666667,0.6066666666666666,,0.3325,0.6725,9.7125,28.6775,43.29666666666666,29.35666666666667,1.7825,54.04083333333333,6.666666666666667,1.08,11.681666666666667,30.71666666666667,40.229166666666664,780.7325000000001,506.44166666666666,355.04749999999996,217.01083333333335,64.86916666666667,8.841666666666667,72.23666666666666,134.495,12.910833333333334,47.31,8.7875,19.816666666666666,,10.555,20.43166666666667,4.5175,13.198333333333332,20.1225,13.698333333333332,0.8566666666666668,25.040833333333335,3.103333333333333,0.505,5.7,14.110833333333332,1.8525,35.736666666666665,23.201666666666668,16.311666666666667,9.990833333333333,2.9583333333333335,0.4066666666666667,3.34,6.204166666666667
2021-03-01,0.65,1.43,0.24,0.54,0.0,0.4,0.73,11.04,31.61,46.91,30.37,0.61,62.08,6.74,1.13,13.48,36.75,42.88,844.69,495.73,322.97,230.76,60.48,9.34,87.98,170.6,18.8,41.32,7.1,15.59,0.0,11.59,21.18,4.6,13.16,19.54,12.65,0.25,25.86,2.81,0.47,5.61,15.3,1.89,37.29,21.88,14.26,10.19,2.67,0.41,3.88,7.53,0.44333333333333336,1.5616666666666668,0.3025,0.5575,,0.33916666666666667,0.68,9.772499999999999,29.001666666666665,43.75833333333333,29.280833333333334,1.87,54.23166666666666,6.638333333333333,1.0791666666666666,11.85,30.40666666666667,40.4625,792.4200000000001,508.01833333333326,354.2316666666666,217.46,65.10583333333334,8.838333333333333,73.76,136.32416666666666,13.088333333333333,47.0975,8.963333333333333,17.745,,10.569166666666666,20.2775,4.528333333333333,13.293333333333335,20.25583333333333,13.6225,0.8933333333333334,25.035833333333333,3.0816666666666666,0.5033333333333333,5.753333333333334,13.923333333333334,1.8483333333333334,36.00083333333333,23.10083333333333,16.156666666666666,9.93,2.948333333333333,0.4033333333333333,3.3816666666666673,6.2316666666666665
2021-04-01,0.42,1.72,0.18,0.19,0.0,0.44,0.62,10.53,28.58,43.32,26.49,0.35,54.05,6.15,1.06,16.19,30.06,40.85,771.63,483.84,318.68,210.56,49.64,9.29,93.18,155.12,12.42,50.84,5.28,5.66,0.0,13.07,18.41,4.86,13.2,20.02,12.24,0.16,24.97,2.84,0.49,7.48,13.89,1.92,36.18,22.69,14.94,9.87,2.33,0.44,4.37,7.27,0.45,1.6091666666666669,0.305,0.5191666666666667,,0.3466666666666667,0.6816666666666666,9.870833333333334,29.730833333333333,44.6775,29.2,1.8666666666666665,54.43583333333333,6.631666666666667,1.0775,11.854999999999999,30.705000000000002,40.6875,802.005,513.265,354.8491666666667,217.67249999999999,65.34833333333334,8.854999999999999,74.83166666666666,138.86916666666667,13.0325,47.620000000000005,8.922500000000001,16.128333333333334,,10.535,19.888333333333332,4.524166666666667,13.525833333333333,20.511666666666667,13.440833333333336,0.8891666666666667,24.859166666666667,3.045833333333333,0.49666666666666665,5.670833333333333,13.9225,1.8408333333333333,36.12916666666667,23.141666666666666,16.03333333333333,9.838333333333333,2.9375,0.4000000000000001,3.3925,6.289999999999999
2021-05-01,0.37,1.3,0.27,0.46,0.0,0.55,0.56,10.18,23.26,31.98,33.14,1.56,52.99,6.26,1.09,19.06,31.54,42.58,760.23,495.27,360.44,218.41,57.69,9.11,103.3,164.1,12.16,42.65,8.69,15.0,0.0,18.04,18.47,4.86,11.1,15.26,15.82,0.74,25.3,2.99,0.52,9.1,15.06,1.93,34.38,22.4,16.3,9.88,2.61,0.41,4.67,7.42,0.46249999999999997,1.6058333333333337,0.31,0.49666666666666665,,0.3575,0.695,9.933333333333334,30.039999999999996,44.604166666666664,29.3475,1.9008333333333336,54.860833333333325,6.63,1.0775,11.975,31.21083333333333,40.965833333333336,806.8116666666666,516.9991666666667,356.0508333333333,218.26416666666668,65.86083333333333,8.870833333333334,76.35166666666667,141.84416666666667,13.353333333333333,46.8425,8.973333333333334,15.027499999999998,,10.701666666666666,20.12666666666667,4.519166666666667,13.6,20.35333333333333,13.394166666666669,0.9008333333333333,24.88416666666667,3.0216666666666665,0.4925,5.6625000000000005,14.07,1.8399999999999999,36.100833333333334,23.153333333333336,15.966666666666667,9.791666666666666,2.9424999999999994,0.39749999999999996,3.4316666666666666,6.38
2021-06-01,0.26,2.05,0.3,0.65,0.0,0.53,0.28,8.79,26.99,38.83,32.62,2.22,52.67,5.84,1.05,21.22,17.44,41.3,822.79,550.83,374.23,220.75,68.4,8.71,104.46,127.62,7.63,59.86,8.8,18.91,0.0,15.52,8.21,4.28,13.14,18.9,15.88,1.08,25.64,2.84,0.51,10.33,8.49,1.78,35.48,23.75,16.14,9.52,2.95,0.38,4.5,5.5,0.4658333333333333,1.6516666666666666,0.31,0.48416666666666663,,0.3666666666666667,0.6849999999999999,9.948333333333334,30.471666666666664,44.5,29.497500000000002,1.915,55.58583333333333,6.659166666666667,1.0816666666666668,12.3275,30.930833333333336,41.28333333333334,813.5441666666667,520.02,355.42250000000007,219.40333333333334,66.3875,8.875,78.27416666666667,142.58833333333334,13.354999999999999,47.44083333333333,8.832500000000001,14.269999999999998,,10.7475,19.622500000000002,4.4975,13.736666666666666,20.166666666666668,13.362499999999999,0.9008333333333333,25.088333333333328,3.0175,0.4908333333333333,5.776666666666667,13.863333333333335,1.8433333333333335,36.18666666666667,23.141666666666666,15.834166666666667,9.783333333333333,2.9483333333333337,0.3958333333333333,3.491666666666667,6.379166666666666
2021-07-01,0.48,2.5,0.43,0.75,0.0,0.58,0.7,9.23,30.1,39.71,30.28,1.96,56.69,6.34,1.08,20.4,22.36,44.46,905.13,600.05,403.44,231.7,70.71,8.87,103.84,130.8,10.17,53.3,9.14,15.94,0.0,12.36,15.02,4.27,13.92,18.37,14.0,0.91,26.22,2.93,0.5,9.44,10.34,1.78,36.22,24.01,16.14,9.27,2.83,0.36,4.16,5.23,0.4808333333333334,1.6833333333333333,0.31916666666666665,0.47333333333333333,,0.3766666666666667,0.6883333333333334,9.996666666666666,31.000833333333333,43.735833333333325,29.728333333333335,1.7683333333333333,56.37,6.685833333333332,1.0825,12.481666666666664,30.87,41.76166666666666,821.2258333333333,520.2141666666666,353.6516666666667,220.85333333333332,66.5425,8.879999999999999,79.86833333333333,144.29416666666665,13.555833333333332,47.3175,8.9,13.709166666666667,,10.783333333333333,19.4425,4.501666666666666,13.93,19.708333333333332,13.410000000000002,0.8249999999999998,25.349166666666665,3.016666666666667,0.4891666666666667,5.808333333333334,13.785833333333334,1.8550000000000002,36.33583333333333,23.0325,15.68,9.799166666666666,2.9408333333333334,0.395,3.5391666666666666,6.425833333333333
2021-08-01,0.64,2.35,0.39,0.59,0.0,0.56,0.61,9.57,30.06,33.2,27.88,0.42,57.41,6.56,1.07,18.4,25.41,43.95,898.19,603.98,390.17,230.62,75.67,8.99,101.62,130.89,14.1,51.67,8.63,12.92,0.0,12.24,13.36,4.57,14.34,15.84,13.31,0.2,27.4,3.13,0.51,8.78,12.13,1.77,36.16,24.31,15.71,9.28,3.05,0.36,4.09,5.27,0.505,1.7166666666666668,0.32833333333333337,0.44083333333333324,,0.38666666666666666,0.6975000000000001,10.055833333333334,31.285833333333333,42.68083333333334,29.885833333333334,1.4975000000000003,57.152499999999996,6.6866666666666665,1.0825000000000002,12.61,31.245000000000005,42.22833333333333,824.5541666666667,520.4383333333334,351.95250000000004,222.35833333333332,67.01666666666667,8.89,81.18666666666667,145.78666666666666,13.912500000000001,47.017500000000005,8.9475,12.47,,10.76,19.360833333333336,4.515,14.019166666666665,19.125,13.440833333333332,0.6891666666666666,25.639166666666664,3.0058333333333334,0.4875,5.84,13.928333333333335,1.8691666666666666,36.3675,22.969166666666666,15.5625,9.834166666666667,2.9516666666666667,0.3941666666666667,3.581666666666667,6.4725
2021-09-01,0.37,2.09,0.21,0.11,0.0,0.44,0.72,9.69,36.91,40.28,21.53,0.6,56.53,6.18,1.05,15.44,21.03,42.47,794.6,534.69,376.77,223.08,66.0,8.87,92.15,128.8,9.58,54.58,5.47,2.77,0.0,11.43,18.97,4.64,17.69,19.31,10.32,0.29,27.09,2.96,0.5,7.4,10.08,1.87,35.04,23.58,16.62,9.84,2.91,0.39,4.06,5.68,0.5091666666666667,1.7466666666666668,0.3266666666666667,0.4133333333333333,,0.39166666666666666,0.6875,10.12,31.814166666666665,42.2725,29.7375,1.1841666666666666,57.9125,6.646666666666667,1.0816666666666668,12.758333333333333,30.9875,42.62916666666667,828.1058333333334,520.1149999999999,350.7558333333333,223.91166666666666,67.0675,8.9125,82.47250000000001,147.27416666666667,13.943333333333333,47.44916666666666,8.85,11.6575,,10.820833333333333,18.935833333333335,4.531666666666666,14.225,18.86,13.334166666666667,0.5324999999999999,25.930000000000003,2.9758333333333336,0.48500000000000004,5.890000000000001,13.768333333333336,1.8816666666666666,36.42,22.88083333333333,15.455833333333336,9.874166666666666,2.945,0.3941666666666666,3.6275,6.522500000000001
2021-10-01,0.37,1.98,0.2,-0.12,0.0,0.32,0.99,10.42,36.8,39.36,20.26,-1.5,59.32,6.61,1.09,11.42,38.2,43.06,760.27,517.38,349.6,224.26,66.43,8.97,85.18,164.44,9.65,51.33,5.25,-3.0,0.0,8.18,25.56,4.66,16.46,17.61,9.07,-0.67,26.54,2.96,0.49,5.11,17.1,1.94,34.25,23.31,15.75,10.1,2.99,0.4,3.84,7.41,0.5116666666666666,1.7858333333333334,0.3308333333333333,0.34333333333333327,,0.39166666666666666,0.7275,10.1925,32.19083333333334,42.255833333333335,29.083333333333332,0.8341666666666665,58.3375,6.620000000000001,1.0791666666666666,13.008333333333333,30.938333333333333,42.8525,831.125,521.1658333333334,347.78749999999997,224.99333333333334,67.81,8.934166666666668,83.93416666666667,149.17166666666665,13.735833333333334,47.281666666666666,8.845833333333333,9.300833333333333,,10.566666666666666,19.56833333333333,4.556666666666667,14.368333333333332,18.821666666666665,13.019999999999998,0.37416666666666654,26.07833333333333,2.9591666666666665,0.48333333333333334,5.995000000000001,13.716666666666667,1.8858333333333333,36.45666666666667,22.859166666666667,15.269166666666669,9.893333333333333,2.97,0.39333333333333337,3.6841666666666666,6.588333333333334
2021-11-01,0.3,1.92,0.2,0.34,0.0,0.21,0.87,10.96,40.7,55.15,22.2,-0.12,58.59,7.21,1.07,5.89,35.09,43.73,791.93,498.98,319.16,227.41,81.72,8.97,72.79,170.12,8.63,54.78,5.84,9.68,0.0,6.04,24.7,4.63,17.18,23.28,9.37,-0.05,24.74,3.04,0.45,2.49,14.81,1.97,35.76,22.53,14.41,10.27,3.69,0.4,3.29,7.68,0.48416666666666663,1.82,0.3325,0.34333333333333327,,0.39000000000000007,0.7291666666666666,10.284999999999998,32.60583333333333,42.81666666666666,28.671666666666667,0.815,58.406666666666666,6.641666666666667,1.0775,13.033333333333331,31.08916666666667,42.95166666666666,830.6149999999999,522.575,347.6466666666667,225.69916666666666,69.08166666666666,8.958333333333334,85.26416666666667,151.245,12.911666666666667,48.14750000000001,8.898333333333335,9.285833333333334,,10.508333333333333,19.531666666666666,4.579166666666667,14.481666666666667,18.974999999999998,12.799166666666666,0.36583333333333323,26.00833333333333,2.955833333333333,0.4808333333333334,5.995833333333334,13.722500000000002,1.8841666666666665,36.32833333333333,22.859166666666667,15.22,9.896666666666667,3.018333333333333,0.3925,3.736666666666667,6.662499999999999
2021-12-01,0.48,2.0,0.7,-0.19,0.0,0.23,1.08,12.02,42.64,53.11,27.58,-0.05,61.2,8.03,1.1,4.61,43.1,47.29,895.23,518.98,321.83,251.07,93.18,9.42,69.84,188.82,10.73,44.42,15.68,-4.16,0.0,5.12,24.05,4.74,16.83,20.96,10.89,-0.02,24.15,3.17,0.43,1.82,17.01,1.97,37.37,21.66,13.43,10.48,3.89,0.39,2.92,7.88,0.4541666666666666,1.8333333333333333,0.3775,0.30583333333333335,,0.39666666666666667,0.75,10.386666666666667,33.23,43.07666666666666,28.473333333333333,0.7416666666666666,58.178333333333335,6.6925,1.0758333333333334,13.129166666666668,31.357499999999998,43.165,827.0983333333334,522.795,347.3858333333333,226.63666666666666,69.84333333333333,8.9825,86.65250000000002,153.775,11.965833333333336,47.836666666666666,9.865,8.3775,,10.608333333333333,19.7225,4.601666666666667,14.6725,18.99833333333333,12.674166666666666,0.33583333333333326,25.816666666666666,2.964166666666667,0.4783333333333333,6.028333333333332,13.765,1.8908333333333334,36.14333333333333,22.8475,15.195833333333333,9.925833333333333,3.046666666666667,0.39333333333333337,3.7933333333333334,6.761666666666667
2022-01-01,0.52,1.66,0.61,0.58,0.0,0.3,0.85,11.49,40.12,54.96,26.47,-0.7,63.61,7.94,1.12,6.68,46.07,46.24,982.35,530.34,318.37,248.27,94.18,9.38,75.14,175.47,13.24,42.16,15.4,14.81,0.0,7.64,21.56,4.45,15.52,21.26,10.24,-0.27,24.61,3.07,0.43,2.58,17.82,1.86,39.62,21.39,12.84,10.01,3.8,0.38,3.03,7.08,0.4483333333333333,1.8283333333333331,0.375,0.3608333333333333,,0.4041666666666666,0.7324999999999999,10.364166666666666,33.24166666666667,43.2825,27.793333333333337,0.5033333333333333,57.81333333333333,6.718333333333334,1.0766666666666667,13.34083333333333,32.012499999999996,43.32333333333333,829.6,523.7491666666666,346.9725,227.4725,70.385,8.981666666666667,88.03916666666667,155.17249999999999,11.909166666666666,47.94333333333333,9.891666666666667,9.7675,,10.831666666666665,19.425,4.5925,14.674166666666666,19.074166666666667,12.408333333333333,0.24333333333333326,25.67083333333333,2.973333333333333,0.47833333333333333,6.11,14.015833333333333,1.8916666666666666,36.126666666666665,22.82166666666667,15.139166666666666,9.93,3.0574999999999997,0.3925,3.841666666666667,6.798333333333333
2022-02-01,0.42,1.56,0.18,0.66,0.0,0.35,0.77,10.24,31.85,43.09,20.88,-2.04,54.74,6.6,1.01,9.92,51.75,42.96,742.26,463.38,300.13,218.44,69.65,8.56,83.55,183.56,12.92,47.52,5.47,20.1,0.0,10.52,23.53,4.45,13.84,18.73,9.07,-0.89,23.79,2.87,0.44,4.31,22.49,2.03,35.14,21.94,14.21,10.34,3.3,0.4,3.96,8.69,0.44,1.8800000000000001,0.3258333333333333,0.37999999999999995,,0.4091666666666667,0.7316666666666666,10.346666666666666,33.30166666666667,43.324999999999996,26.641666666666666,0.27583333333333326,57.49,6.705000000000001,1.0766666666666667,13.559166666666668,33.23333333333333,43.48083333333333,830.775,524.4541666666667,346.31583333333333,227.94416666666666,71.14583333333333,9.040000000000001,89.41916666666667,157.52833333333334,11.669166666666667,49.535833333333336,8.395833333333334,10.351666666666667,,10.979166666666666,19.418333333333333,4.5841666666666665,14.698333333333332,19.09,11.905000000000001,0.1441666666666666,25.525833333333335,2.9675,0.47833333333333333,6.204166666666667,14.543333333333335,1.8925,36.07416666666666,22.787499999999998,15.0625,9.920833333333333,3.0850000000000004,0.39333333333333337,3.8974999999999995,6.886666666666667
2022-03-01,0.68,2.16,0.3,-0.08,0.0,0.47,0.89,11.49,42.48,47.84,22.53,0.13,54.46,7.74,1.12,16.7,33.62,44.94,836.06,502.31,340.33,223.9,61.51,9.36,106.38,191.72,15.16,47.91,6.75,-1.78,0.0,10.45,19.73,4.83,17.85,20.1,9.47,0.05,22.89,3.25,0.47,7.02,14.13,1.94,36.09,21.68,14.69,9.66,2.66,0.4,4.59,8.28,0.44250000000000006,1.9408333333333336,0.33083333333333337,0.3283333333333333,,0.41500000000000004,0.745,10.384166666666667,34.2075,43.4025,25.98833333333333,0.23583333333333326,56.855,6.788333333333333,1.0758333333333334,13.827499999999999,32.9725,43.6525,830.0558333333333,525.0025,347.7625,227.37250000000003,71.23166666666667,9.041666666666666,90.9525,159.28833333333333,11.365833333333333,50.085,8.366666666666667,8.904166666666667,,10.884166666666667,19.2975,4.6033333333333335,15.089166666666666,19.136666666666667,11.64,0.12749999999999992,25.278333333333332,3.0041666666666664,0.47833333333333333,6.321666666666666,14.445833333333333,1.8966666666666665,35.97416666666667,22.770833333333332,15.098333333333334,9.876666666666667,3.0841666666666665,0.3925,3.9566666666666666,6.949166666666667
2022-04-01,0.18,0.9,0.19,0.79,0.0,0.57,0.76,10.26,32.09,34.84,24.17,1.38,47.33,6.29,1.07,20.1,36.17,41.79,734.53,457.73,344.08,201.7,64.65,9.35,118.45,193.01,6.81,34.66,7.39,30.43,0.0,22.08,29.12,4.83,15.11,16.41,11.38,0.65,22.29,2.96,0.5,9.47,17.04,1.93,33.92,21.14,15.89,9.32,2.99,0.43,5.47,8.91,0.42250000000000004,1.8724999999999998,0.33166666666666667,0.37833333333333335,,0.42583333333333334,0.7566666666666667,10.361666666666666,34.5,42.69583333333333,25.795,0.3216666666666666,56.29500000000001,6.8,1.0766666666666669,14.15333333333333,33.48166666666666,43.73083333333333,826.9641666666666,522.8266666666667,349.87916666666666,226.6341666666667,72.4825,9.046666666666667,93.05833333333334,162.44583333333333,10.898333333333333,48.73666666666667,8.5425,10.968333333333334,,11.635,20.19,4.600833333333333,15.248333333333335,18.835833333333333,11.568333333333333,0.16833333333333325,25.055000000000003,3.0141666666666667,0.4791666666666667,6.487500000000001,14.708333333333334,1.8975,35.78583333333333,22.641666666666666,15.177500000000002,9.830833333333333,3.1391666666666667,0.3916666666666666,4.048333333333333,7.085833333333333
2022-05-01,0.23,1.27,0.25,0.66,0.0,0.69,0.53,9.85,29.86,35.7,26.73,3.44,42.71,6.24,1.09,25.72,27.24,41.13,736.84,488.75,392.67,206.04,73.09,9.48,130.21,182.91,7.62,42.73,8.56,22.14,0.0,23.12,18.0,4.8,14.56,17.4,13.03,1.68,20.82,3.04,0.53,12.54,13.28,1.82,32.59,21.62,17.37,9.11,3.23,0.42,5.76,8.09,0.41083333333333333,1.8699999999999999,0.33,0.395,,0.4375,0.7541666666666668,10.334166666666667,35.050000000000004,43.005833333333335,25.260833333333334,0.4783333333333332,55.43833333333333,6.798333333333333,1.0766666666666669,14.708333333333334,33.123333333333335,43.60999999999999,825.015,522.2833333333333,352.565,225.60333333333332,73.76583333333333,9.0775,95.30083333333334,164.01333333333335,10.52,48.74333333333333,8.531666666666668,11.563333333333333,,12.058333333333332,20.150833333333335,4.595833333333333,15.536666666666669,19.014166666666668,11.335833333333333,0.2466666666666666,24.68166666666667,3.018333333333333,0.48,6.774166666666666,14.56,1.8883333333333334,35.63666666666666,22.576666666666668,15.266666666666666,9.766666666666667,3.190833333333334,0.39250000000000007,4.139166666666666,7.141666666666667
2022-06-01,0.48,1.72,0.3,0.16,0.0,0.68,0.71,9.33,31.91,39.96,24.57,4.01,42.68,6.13,1.01,26.22,21.6,41.05,800.08,560.74,418.32,203.13,71.06,9.05,130.73,157.58,12.21,44.32,7.81,3.98,0.0,17.5,18.15,4.59,15.69,19.64,12.08,1.97,20.98,3.02,0.5,12.89,10.62,1.72,33.45,23.44,17.49,8.49,2.97,0.38,5.47,6.59,0.4291666666666667,1.8425000000000002,0.33,0.3541666666666666,,0.45,0.79,10.379166666666666,35.46,43.1,24.59,0.6274999999999998,54.60583333333333,6.822500000000001,1.0733333333333335,15.125,33.470000000000006,43.589166666666664,823.1225,523.1091666666666,356.2391666666667,224.135,73.9875,9.105833333333333,97.49,166.51,10.901666666666666,47.44833333333333,8.449166666666668,10.319166666666666,,12.223333333333331,20.979166666666668,4.621666666666667,15.749166666666667,19.075833333333335,11.019166666666665,0.32083333333333325,24.293333333333333,3.033333333333333,0.4791666666666667,6.9875,14.737499999999999,1.883333333333333,35.467499999999994,22.550833333333333,15.379166666666668,9.680833333333334,3.1925000000000003,0.3925,4.22,7.232500000000001
2022-07-01,0.75,2.37,0.37,-0.51,0.0,0.8,0.97,9.37,33.81,44.19,22.28,3.8,43.9,6.5,1.05,27.21,25.1,43.15,917.91,626.89,418.61,217.4,73.82,9.15,134.75,150.28,14.27,45.02,7.0,-9.73,0.0,15.22,18.48,4.39,15.84,20.71,10.44,1.78,20.57,3.05,0.49,12.75,11.76,1.66,35.41,24.19,16.15,8.39,2.85,0.35,5.2,5.8,0.45166666666666666,1.8316666666666668,0.325,0.24916666666666662,,0.4683333333333333,0.8125,10.390833333333333,35.76916666666666,43.473333333333336,23.923333333333332,0.7808333333333332,53.54,6.835833333333333,1.0708333333333335,15.6925,33.69833333333333,43.48,824.1875,525.3458333333334,357.50333333333333,222.94333333333336,74.24666666666667,9.129166666666668,100.06583333333333,168.13333333333333,11.243333333333332,46.75833333333333,8.270833333333334,8.18,,12.461666666666666,21.267500000000002,4.631666666666667,15.90916666666667,19.270833333333332,10.722499999999998,0.39333333333333326,23.8225,3.043333333333333,0.47833333333333333,7.263333333333333,14.855833333333335,1.873333333333333,35.4,22.565833333333334,15.38,9.6075,3.1941666666666673,0.39166666666666666,4.306666666666667,7.28
2022-08-01,0.81,2.24,0.36,-0.36,0.0,0.67,0.68,9.36,35.74,42.95,20.32,3.28,43.29,6.3,1.04,24.98,20.85,43.99,961.12,629.64,394.53,219.74,76.01,9.24,131.3,137.11,17.0,46.96,7.64,-7.62,0.0,14.05,14.34,4.57,17.45,20.97,9.92,1.6,21.14,3.08,0.51,12.2,10.18,1.69,36.93,24.19,15.16,8.44,2.92,0.36,5.04,5.27,0.4658333333333333,1.8225,0.32249999999999995,0.16999999999999996,,0.47750000000000004,0.8183333333333334,10.373333333333333,36.2425,44.285833333333336,23.293333333333333,1.0191666666666663,52.36333333333334,6.814166666666666,1.0683333333333334,16.240833333333335,33.318333333333335,43.48333333333333,829.4316666666667,527.4841666666667,357.8666666666666,222.03666666666666,74.27499999999999,9.15,102.53916666666667,168.65166666666667,11.485,46.365833333333335,8.188333333333333,6.468333333333333,,12.612499999999999,21.349166666666665,4.631666666666667,16.168333333333333,19.698333333333334,10.44,0.5099999999999999,23.300833333333333,3.0391666666666666,0.47833333333333333,7.548333333333333,14.693333333333333,1.8666666666666665,35.464166666666664,22.555833333333336,15.334166666666667,9.5375,3.183333333333333,0.39166666666666666,4.385833333333333,7.28
2022-09-01,0.4,1.33,0.23,0.44,0.0,0.62,0.62,9.45,35.76,39.67,19.68,1.86,42.88,6.36,1.02,17.97,26.92,43.62,813.82,552.23,343.53,206.03,72.72,8.84,120.86,145.66,12.41,41.58,7.17,13.81,0.0,19.39,19.45,4.73,17.9,19.86,9.86,0.93,21.47,3.18,0.51,9.0,13.48,1.89,35.27,23.93,14.89,8.93,3.15,0.38,5.24,6.31,0.4683333333333333,1.7591666666666665,0.32416666666666666,0.19749999999999998,,0.4925,0.8099999999999999,10.353333333333333,36.14666666666667,44.23499999999999,23.139166666666664,1.1241666666666665,51.22583333333333,6.829166666666666,1.0658333333333334,16.451666666666668,33.80916666666667,43.57916666666666,831.0333333333333,528.9458333333333,355.09666666666664,220.6158333333333,74.835,9.1475,104.93166666666667,170.05666666666664,11.720833333333331,45.2825,8.33,7.388333333333333,,13.275833333333333,21.389166666666664,4.639166666666667,16.185833333333335,19.74416666666667,10.401666666666667,0.5633333333333332,22.8325,3.0575000000000006,0.4791666666666667,7.6816666666666675,14.976666666666667,1.8683333333333334,35.483333333333334,22.585000000000004,15.189999999999998,9.461666666666668,3.203333333333333,0.39083333333333337,4.484166666666667,7.3325
2022-10-01,0.29,0.88,0.16,0.47,0.0,0.56,0.99,9.48,31.7,41.4,18.88,1.19,43.58,6.31,1.06,13.84,36.27,42.72,755.08,507.7,337.12,207.35,65.77,9.12,110.43,181.41,9.96,30.39,5.65,16.37,0.0,19.57,34.45,4.68,15.65,20.44,9.32,0.59,21.52,3.12,0.52,6.84,17.91,1.93,34.06,22.9,15.21,9.35,2.97,0.41,4.98,8.18,0.46166666666666667,1.6675000000000002,0.32083333333333336,0.24666666666666667,,0.5125,0.8099999999999999,10.275,35.721666666666664,44.405,23.024166666666662,1.348333333333333,49.91416666666667,6.804166666666666,1.0633333333333332,16.653333333333332,33.64833333333333,43.55083333333334,830.6008333333333,528.1391666666667,354.0566666666667,219.20666666666668,74.78,9.160000000000002,107.03583333333334,171.47083333333333,11.746666666666668,43.5375,8.363333333333333,9.0025,,14.225000000000001,22.13,4.640833333333333,16.118333333333332,19.98,10.4225,0.6683333333333333,22.414166666666663,3.0708333333333333,0.4816666666666667,7.825833333333333,15.044166666666667,1.8675,35.4675,22.550833333333333,15.144999999999998,9.399166666666666,3.2016666666666667,0.39166666666666666,4.579166666666667,7.396666666666666
2022-11-01,0.33,1.29,0.17,0.36,0.0,0.3,0.92,10.39,36.82,40.23,21.82,2.3,46.36,6.63,1.03,7.74,41.43,45.94,803.66,495.61,316.5,215.29,62.79,9.09,88.65,191.2,10.98,42.84,5.63,11.92,0.0,9.95,30.62,4.89,17.33,18.94,10.27,1.08,21.82,3.12,0.48,3.65,19.5,2.06,36.06,22.24,14.2,9.66,2.82,0.41,3.98,8.58,0.46416666666666667,1.6150000000000002,0.3183333333333333,0.2483333333333333,,0.5199999999999999,0.8141666666666666,10.227500000000001,35.39833333333333,43.16166666666667,22.992499999999996,1.5499999999999998,48.895,6.755833333333334,1.06,16.8075,34.17666666666667,43.73500000000001,831.5783333333334,527.8583333333333,353.835,218.1966666666667,73.2025,9.17,108.3575,173.2275,11.9425,42.5425,8.345833333333333,9.189166666666667,,14.550833333333332,22.623333333333335,4.6625000000000005,16.13083333333333,19.618333333333336,10.4975,0.7624999999999998,22.17083333333333,3.0775,0.4841666666666667,7.922499999999999,15.435,1.875,35.4925,22.526666666666667,15.1275,9.348333333333333,3.129166666666667,0.3925,4.636666666666667,7.471666666666667
2022-12-01,0.5,1.66,0.25,0.25,0.0,0.25,0.69,11.52,41.71,47.41,26.35,-1.02,54.35,7.52,1.06,4.86,40.2,48.37,928.34,528.37,326.74,235.8,91.61,9.64,82.74,202.95,14.88,49.51,7.43,7.58,0.0,7.52,20.67,4.9,17.75,20.18,11.22,-0.43,23.13,3.2,0.45,2.07,17.11,1.97,37.82,21.53,13.31,9.61,3.73,0.39,3.37,8.27,0.4658333333333334,1.586666666666667,0.2808333333333333,0.285,,0.5216666666666666,0.7816666666666667,10.185833333333333,35.32083333333333,42.68666666666667,22.89,1.4691666666666663,48.32416666666668,6.713333333333334,1.0566666666666666,16.828333333333333,33.935,43.824999999999996,834.3375,528.6408333333334,354.2441666666667,216.92416666666668,73.07166666666667,9.188333333333334,109.43249999999999,174.405,12.288333333333334,42.96666666666667,7.658333333333334,10.1675,,14.750833333333333,22.341666666666665,4.675833333333333,16.2075,19.553333333333335,10.525,0.7283333333333334,22.085833333333337,3.08,0.48583333333333334,7.943333333333334,15.443333333333333,1.875,35.53,22.515833333333333,15.117500000000001,9.275833333333333,3.1158333333333332,0.3925,4.674166666666666,7.504166666666666
2023-01-01,0.42,0.97,0.31,1.04,0.0,0.37,0.77,10.68,35.2,39.29,29.53,-1.86,57.12,6.78,1.04,6.76,53.26,46.41,890.09,502.71,323.36,238.46,92.84,9.65,90.22,211.88,14.83,34.23,10.81,36.73,0.0,12.96,27.19,4.46,14.69,16.4,12.32,-0.78,23.84,2.83,0.44,2.82,22.22,1.93,37.0,20.9,13.44,9.91,3.86,0.4,3.75,8.81,0.4575,1.5291666666666668,0.2558333333333333,0.3233333333333333,,0.5275,0.775,10.118333333333334,34.910833333333336,41.380833333333335,23.145,1.3724999999999998,47.78333333333334,6.616666666666667,1.05,16.834999999999997,34.534166666666664,43.839166666666664,826.6491666666667,526.3383333333334,354.66,216.10666666666668,72.96,9.210833333333333,110.68916666666667,177.43916666666667,12.420833333333333,42.30583333333333,7.275833333333334,11.994166666666667,,15.194166666666666,22.810833333333335,4.676666666666667,16.138333333333332,19.14833333333333,10.698333333333332,0.6858333333333334,22.021666666666665,3.06,0.48666666666666664,7.963333333333332,15.81,1.8808333333333334,35.31166666666667,22.474999999999998,15.167500000000002,9.2675,3.1208333333333336,0.3941666666666666,4.734166666666666,7.648333333333333
2023-02-01,0.62,1.0,0.25,0.58,0.0,0.5,0.82,9.89,33.5,43.2,22.38,-0.86,51.73,6.5,0.94,11.75,39.01,43.19,778.25,469.22,300.4,212.67,74.98,8.74,103.88,194.96,19.53,31.19,7.9,18.34,0.0,15.61,25.76,4.52,15.3,19.74,10.22,-0.39,23.63,2.97,0.43,5.37,17.82,1.98,35.6,21.46,13.74,9.73,3.43,0.4,4.75,8.92,0.4741666666666667,1.4825,0.26166666666666666,0.31666666666666665,,0.5399999999999999,0.7791666666666668,10.089166666666667,35.04833333333333,41.39,23.27,1.4708333333333332,47.5325,6.608333333333333,1.0441666666666667,16.9875,33.4725,43.85833333333333,829.6483333333334,526.825,354.68249999999995,215.6258333333333,73.40416666666667,9.225833333333332,112.38333333333334,178.38916666666668,12.971666666666666,40.945,7.478333333333333,11.847500000000002,,15.618333333333332,22.99666666666667,4.6825,16.26,19.232499999999998,10.794166666666667,0.7275,22.008333333333336,3.0683333333333334,0.48583333333333334,8.051666666666668,15.420833333333334,1.8766666666666663,35.35,22.435000000000002,15.128333333333332,9.216666666666667,3.1316666666666664,0.3941666666666667,4.8,7.6674999999999995
2023-03-01,0.43,1.05,0.15,0.56,0.0,0.63,0.85,10.39,29.68,38.34,25.29,-1.05,51.13,6.79,1.03,17.9,46.75,45.26,848.7,509.5,325.62,222.17,58.13,9.5,129.54,210.93,13.93,33.82,4.85,18.0,0.0,20.22,27.21,4.57,13.06,16.87,11.12,-0.46,22.5,2.99,0.45,7.88,20.57,1.92,35.97,21.6,13.8,9.42,2.46,0.4,5.49,8.94,0.4533333333333333,1.39,0.24916666666666665,0.36999999999999994,,0.5533333333333333,0.7758333333333334,9.9975,33.98166666666667,40.598333333333336,23.5,1.3724999999999998,47.254999999999995,6.529166666666666,1.0366666666666666,17.087500000000002,34.56666666666667,43.885,830.7016666666667,527.4241666666667,353.45666666666665,215.48166666666665,73.1225,9.237499999999999,114.31333333333333,179.99,12.869166666666667,39.770833333333336,7.32,13.495833333333335,,16.4325,23.62,4.660833333333334,15.860833333333334,18.963333333333335,10.931666666666667,0.6849999999999999,21.975833333333338,3.046666666666667,0.48416666666666663,8.123333333333333,15.957500000000001,1.875,35.339999999999996,22.42833333333333,15.054166666666667,9.196666666666667,3.115,0.3941666666666667,4.875,7.7225
2023-04-01,0.28,1.17,0.14,0.4,0.0,0.66,0.62,9.25,23.77,31.23,24.1,-0.65,47.38,6.1,1.01,24.09,33.98,43.28,756.57,466.27,313.39,206.21,54.37,9.28,140.78,203.76,9.6,40.99,4.96,14.1,0.0,22.87,21.58,4.6,11.83,15.54,12.0,-0.33,23.58,3.04,0.5,11.99,16.91,1.97,34.48,21.25,14.28,9.4,2.48,0.42,6.42,9.29,0.46166666666666667,1.4124999999999999,0.245,0.33749999999999997,,0.5608333333333333,0.7641666666666667,9.913333333333334,33.288333333333334,40.29750000000001,23.49416666666667,1.2033333333333331,47.25916666666666,6.5133333333333345,1.0316666666666665,17.419999999999998,34.384166666666665,44.009166666666665,832.5383333333334,528.1358333333334,350.89916666666664,215.8575,72.26583333333333,9.231666666666667,116.17416666666666,180.88583333333335,13.101666666666667,40.29833333333333,7.1175,12.135,,16.498333333333335,22.991666666666664,4.641666666666667,15.587499999999999,18.890833333333333,10.983333333333333,0.6033333333333333,22.083333333333332,3.0533333333333332,0.4841666666666667,8.333333333333334,15.946666666666665,1.8783333333333332,35.38666666666666,22.4375,14.92,9.203333333333333,3.0725000000000002,0.39333333333333337,4.954166666666667,7.754166666666666
2023-05-01,0.2,0.96,0.15,0.61,0.0,0.68,0.76,8.51,18.66,28.04,29.04,-1.19,43.46,5.86,1.03,29.9,31.84,42.14,780.14,513.34,346.76,208.22,61.62,9.33,158.49,186.13,7.35,34.75,5.38,22.05,0.0,24.78,27.76,4.33,9.51,14.28,14.79,-0.61,22.14,2.98,0.52,15.23,16.22,1.83,33.83,22.26,15.04,9.03,2.67,0.4,6.87,8.07,0.4591666666666667,1.3866666666666667,0.23666666666666666,0.3333333333333333,,0.56,0.7833333333333332,9.801666666666666,32.355,39.659166666666664,23.686666666666667,0.8174999999999998,47.321666666666665,6.4816666666666665,1.0266666666666666,17.76833333333333,34.7675,44.093333333333334,836.1466666666666,530.1850000000001,347.0733333333333,216.0391666666667,71.31,9.219166666666666,118.53083333333335,181.15416666666667,13.079166666666666,39.63333333333333,6.852499999999999,12.1275,,16.636666666666667,23.804999999999996,4.6025,15.166666666666666,18.63083333333333,11.13,0.4124999999999999,22.19333333333333,3.048333333333334,0.4833333333333334,8.5575,16.191666666666666,1.8791666666666667,35.49,22.49083333333333,14.725833333333334,9.196666666666667,3.025833333333333,0.39166666666666666,5.046666666666667,7.7525
2023-06-01,0.22,1.47,0.29,0.34,0.0,0.86,0.44,7.44,18.94,33.12,27.84,2.3,42.92,4.68,0.98,33.0,21.7,40.46,845.61,564.62,351.56,213.43,62.87,9.02,164.2,154.03,6.7,44.83,8.93,10.24,0.0,26.06,13.47,3.9,9.94,17.37,14.61,1.21,22.52,2.45,0.51,17.31,11.38,1.68,35.15,23.47,14.61,8.87,2.61,0.38,6.82,6.4,0.4375,1.3658333333333335,0.23583333333333334,0.34833333333333333,,0.5750000000000001,0.7608333333333334,9.644166666666667,31.27416666666667,39.089166666666664,23.959166666666665,0.6749999999999998,47.34166666666666,6.360833333333333,1.0241666666666667,18.333333333333332,34.77583333333333,44.04416666666666,839.9408333333334,530.5083333333333,341.51,216.8975,70.62750000000001,9.216666666666667,121.32000000000001,180.85833333333335,12.62,39.67583333333334,6.945833333333333,12.649166666666668,,17.35,23.415000000000003,4.545,14.6875,18.441666666666666,11.340833333333334,0.3491666666666666,22.32166666666667,3.000833333333333,0.4841666666666667,8.925833333333333,16.255,1.8758333333333335,35.63166666666667,22.493333333333336,14.485833333333334,9.228333333333333,2.995833333333333,0.3916666666666666,5.159166666666667,7.7366666666666655
2023-07-01,0.6,1.99,0.37,0.68,0.0,1.17,0.57,7.7,18.91,36.46,23.14,3.14,47.01,5.64,0.99,32.66,31.24,43.49,954.87,643.83,385.02,228.34,65.64,9.09,166.78,174.99,12.75,42.37,7.82,14.41,0.0,24.86,12.2,3.78,9.28,17.9,11.35,1.54,23.07,2.77,0.49,16.03,15.33,1.63,35.74,24.1,14.41,8.54,2.46,0.34,6.24,6.55,0.425,1.3341666666666665,0.23583333333333334,0.44749999999999995,,0.6058333333333333,0.7275,9.505,30.0325,38.445,24.030833333333334,0.6199999999999998,47.600833333333334,6.289166666666667,1.0191666666666666,18.787499999999998,35.2875,44.0725,843.0208333333334,531.92,338.71083333333337,217.80916666666667,69.94583333333334,9.211666666666666,123.98916666666668,182.91750000000002,12.493333333333334,39.455000000000005,7.014166666666665,14.660833333333334,,18.153333333333332,22.891666666666666,4.494166666666667,14.140833333333333,18.2075,11.416666666666666,0.3291666666666666,22.53,2.9775000000000005,0.4841666666666667,9.199166666666667,16.5525,1.8733333333333333,35.659166666666664,22.485833333333332,14.340833333333334,9.240833333333333,2.963333333333333,0.39083333333333337,5.245833333333334,7.7991666666666655
2023-08-01,0.38,1.7,0.37,0.26,0.0,1.13,1.01,8.03,21.14,34.47,24.72,3.23,46.0,6.21,0.98,29.61,27.26,43.73,941.6,645.9,421.38,228.83,78.6,9.15,166.94,152.19,8.16,37.1,8.14,5.7,0.0,24.66,21.94,4.05,10.65,17.37,12.46,1.63,23.18,3.13,0.49,14.92,13.74,1.63,35.03,24.03,15.68,8.51,2.92,0.34,6.21,5.66,0.38916666666666666,1.2891666666666668,0.2366666666666667,0.4991666666666667,,0.6441666666666667,0.755,9.394166666666665,28.815833333333334,37.73833333333334,24.397499999999997,0.6158333333333332,47.826666666666675,6.281666666666667,1.0141666666666667,19.173333333333332,35.821666666666665,44.05083333333334,841.3941666666666,533.275,340.9483333333333,218.5666666666667,70.16166666666668,9.204166666666667,126.95916666666666,184.17416666666668,11.756666666666668,38.63333333333333,7.055833333333335,15.770833333333334,,19.037499999999998,23.525000000000002,4.450833333333333,13.574166666666665,17.907500000000002,11.628333333333332,0.3316666666666666,22.7,2.981666666666667,0.4825,9.425833333333333,16.849166666666665,1.8683333333333332,35.50083333333333,22.4725,14.384166666666667,9.246666666666668,2.9633333333333334,0.38916666666666666,5.343333333333334,7.831666666666667
2023-09-01,0.19,1.57,0.31,-0.13,0.0,0.88,0.96,7.94,23.1,34.22,20.94,3.33,46.78,5.7,0.98,26.19,27.16,42.64,832.34,571.9,382.63,219.13,73.15,8.92,152.04,154.78,4.82,40.26,7.87,-3.43,0.0,22.58,24.48,4.12,11.97,17.73,10.85,1.72,24.24,2.95,0.51,13.57,14.07,1.75,34.15,23.46,15.7,8.99,3.0,0.37,6.24,6.35,0.37166666666666665,1.3091666666666668,0.24333333333333332,0.4516666666666666,,0.6658333333333333,0.7833333333333333,9.268333333333333,27.760833333333334,37.284166666666664,24.502499999999998,0.7383333333333333,48.15166666666667,6.226666666666667,1.0108333333333335,19.85833333333333,35.84166666666666,43.969166666666666,842.9375,534.9141666666667,344.2066666666667,219.65833333333333,70.1975,9.210833333333333,129.5575,184.93416666666667,11.124166666666667,38.52333333333333,7.114166666666667,14.334166666666667,,19.303333333333335,23.94416666666667,4.3999999999999995,13.079999999999998,17.73,11.710833333333333,0.39749999999999996,22.930833333333336,2.9625,0.48249999999999993,9.806666666666667,16.898333333333333,1.8566666666666665,35.4075,22.433333333333334,14.451666666666668,9.251666666666667,2.950833333333333,0.38833333333333336,5.426666666666667,7.835
2023-10-01,0.36,1.4,0.38,-0.1,0.0,0.79,0.69,8.44,25.01,33.07,22.84,0.91,49.49,5.77,1.03,16.57,44.52,43.6,802.08,520.17,359.02,219.8,67.57,9.31,142.03,189.9,9.91,38.69,10.6,-2.77,0.0,21.81,18.98,4.08,12.1,16.0,11.05,0.44,23.94,2.79,0.5,8.02,21.53,1.85,34.08,22.1,15.26,9.34,2.87,0.4,6.04,8.07,0.3775,1.3525,0.26166666666666666,0.4041666666666666,,0.685,0.7583333333333333,9.181666666666667,27.203333333333337,36.59,24.8325,0.7149999999999999,48.64416666666667,6.1816666666666675,1.0083333333333333,20.08583333333333,36.52916666666667,44.0425,846.8541666666666,535.9533333333334,346.0316666666667,220.69583333333333,70.3475,9.226666666666667,132.19083333333333,185.64166666666665,11.12,39.214999999999996,7.526666666666666,12.739166666666668,,19.49,22.655,4.3500000000000005,12.78416666666667,17.36,11.854999999999999,0.38499999999999995,23.132499999999997,2.935,0.4808333333333333,9.905,17.2,1.8499999999999999,35.409166666666664,22.366666666666664,14.455833333333333,9.250833333333334,2.9424999999999994,0.38749999999999996,5.515,7.825833333333333
2023-11-01,0.38,1.02,0.23,0.29,0.0,0.5,1.0,9.26,27.68,32.99,32.36,-0.34,49.79,6.23,1.01,9.71,51.48,45.72,833.06,501.94,326.87,221.35,64.46,9.01,118.83,228.69,12.03,32.6,7.35,9.17,0.0,16.04,31.96,4.2,12.55,14.96,14.67,-0.16,22.58,2.82,0.46,4.41,23.34,1.95,35.45,21.36,13.91,9.42,2.74,0.38,5.06,9.73,0.38166666666666665,1.33,0.26666666666666666,0.3983333333333334,,0.7016666666666667,0.765,9.0875,26.441666666666663,35.986666666666665,25.71083333333333,0.4949999999999999,48.93,6.1483333333333325,1.0066666666666666,20.25,37.36666666666667,44.024166666666666,849.3041666666668,536.4808333333333,346.8958333333333,221.20083333333332,70.48666666666666,9.22,134.70583333333335,188.76583333333335,11.207500000000001,38.36166666666667,7.670000000000001,12.51,,19.9975,22.76666666666667,4.2924999999999995,12.385833333333332,17.028333333333332,12.221666666666666,0.28166666666666657,23.195833333333336,2.91,0.4791666666666667,9.968333333333334,17.52,1.8408333333333333,35.358333333333334,22.293333333333333,14.431666666666665,9.230833333333335,2.935833333333333,0.385,5.605,7.921666666666666
2023-12-01,0.49,1.26,0.44,0.32,0.0,0.47,0.93,9.9,27.46,37.72,33.4,-2.66,56.36,6.74,1.04,7.39,55.33,47.92,956.93,521.97,332.75,241.03,88.21,9.47,109.62,238.7,13.67,35.04,12.25,9.05,0.0,13.16,25.88,4.21,11.67,16.03,14.19,-1.13,23.95,2.86,0.44,3.14,23.51,1.88,37.58,20.5,13.07,9.46,3.46,0.37,4.3,9.37,0.3808333333333333,1.2966666666666666,0.28250000000000003,0.40416666666666673,,0.7200000000000001,0.785,8.9525,25.254166666666666,35.17916666666667,26.298333333333332,0.3583333333333332,49.0975,6.083333333333333,1.0050000000000001,20.460833333333333,38.6275,43.98666666666667,851.6866666666666,535.9475,347.3966666666667,221.63666666666666,70.20333333333333,9.205833333333333,136.94583333333335,191.745,11.106666666666667,37.155833333333334,8.071666666666667,12.6325,,20.467499999999998,23.200833333333335,4.235,11.879166666666668,16.6825,12.469166666666666,0.2233333333333333,23.264166666666668,2.8816666666666664,0.47833333333333333,10.0575,18.053333333333335,1.833333333333333,35.33833333333333,22.2075,14.411666666666667,9.218333333333334,2.9133333333333336,0.3833333333333333,5.6825,8.013333333333334
2024-01-01,0.39,1.45,0.3,0.16,0.0,0.53,1.36,10.12,27.15,44.2,33.89,-1.43,61.19,6.79,1.05,9.99,56.86,48.16,937.99,556.72,335.94,242.02,82.76,9.56,115.27,221.17,9.74,36.03,7.41,3.99,0.0,13.22,33.62,4.03,10.8,17.59,13.49,-0.57,24.36,2.7,0.42,3.98,22.63,1.89,36.79,21.84,13.18,9.49,3.25,0.38,4.52,8.68,0.37833333333333335,1.3366666666666667,0.2816666666666667,0.3308333333333333,,0.7333333333333333,0.8341666666666666,8.905833333333332,24.583333333333332,35.58833333333333,26.661666666666665,0.3941666666666665,49.43666666666666,6.084166666666666,1.0058333333333334,20.73,38.9275,44.1325,855.6783333333333,540.4483333333334,348.445,221.9333333333333,69.36333333333333,9.198333333333332,139.03333333333333,192.51916666666668,10.6825,37.30583333333333,7.788333333333333,9.904166666666667,,20.489166666666666,23.736666666666668,4.199166666666667,11.555,16.78166666666667,12.566666666666665,0.24083333333333326,23.3075,2.8708333333333336,0.4766666666666666,10.154166666666667,18.087500000000002,1.8299999999999998,35.32083333333333,22.285833333333333,14.389999999999999,9.183333333333332,2.8625000000000003,0.38166666666666665,5.746666666666667,8.0025
2024-02-01,0.37,1.2,0.22,0.36,0.0,0.65,0.94,9.47,22.48,33.58,28.99,-1.59,53.86,6.2,0.99,13.19,53.42,45.55,849.65,487.03,311.13,223.25,73.68,8.91,131.35,222.04,11.06,35.56,6.53,10.7,0.0,19.09,27.76,4.26,10.12,15.11,13.05,-0.71,24.24,2.79,0.45,5.94,24.04,1.94,36.12,20.7,13.22,9.49,3.13,0.38,5.58,9.44,0.3575,1.3533333333333333,0.2791666666666667,0.31249999999999994,,0.7458333333333332,0.8441666666666666,8.870833333333332,23.665000000000003,34.78666666666667,27.212500000000002,0.3333333333333332,49.61416666666667,6.059166666666666,1.01,20.849999999999998,40.12833333333334,44.32916666666666,861.6283333333334,541.9325,349.33916666666664,222.81500000000003,69.255,9.2125,141.3225,194.77583333333334,9.976666666666667,37.67,7.674166666666667,9.2675,,20.779166666666665,23.903333333333336,4.177499999999999,11.123333333333335,16.395833333333332,12.8025,0.21416666666666662,23.358333333333334,2.855833333333333,0.47833333333333333,10.201666666666666,18.605833333333333,1.8266666666666664,35.36416666666667,22.2225,14.346666666666666,9.163333333333334,2.8375000000000004,0.38000000000000006,5.815833333333334,8.045833333333333
2024-03-01,0.28,1.46,0.2,0.1,0.0,0.84,0.7,10.2,22.52,32.98,34.78,-1.38,51.24,6.24,1.05,22.08,42.77,46.27,847.04,510.06,333.96,223.94,68.45,9.29,169.19,229.41,8.16,41.79,5.75,2.83,0.0,24.1,20.18,4.56,10.06,14.73,15.54,-0.62,22.89,2.79,0.47,9.86,19.1,1.9,34.75,20.92,13.7,9.19,2.81,0.38,6.94,9.41,0.345,1.3875,0.2833333333333334,0.2741666666666666,,0.7633333333333333,0.8316666666666667,8.854999999999999,23.06833333333333,34.339999999999996,28.00333333333333,0.3058333333333332,49.623333333333335,6.0133333333333345,1.0116666666666667,21.198333333333334,39.79666666666667,44.413333333333334,861.4899999999999,541.9791666666666,350.03416666666664,222.9625,70.115,9.195,144.62666666666667,196.31583333333333,9.495833333333334,38.33416666666667,7.7491666666666665,8.003333333333334,,21.1025,23.3175,4.176666666666667,10.873333333333335,16.2175,13.170833333333334,0.20083333333333328,23.390833333333333,2.839166666666667,0.48,10.366666666666667,18.48333333333333,1.825,35.262499999999996,22.165833333333335,14.338333333333333,9.144166666666667,2.8666666666666667,0.37833333333333335,5.936666666666667,8.084999999999999
2024-04-01,0.21,1.23,0.18,-0.24,0.0,0.95,0.93,8.81,17.16,24.48,32.33,-0.83,45.31,5.44,1.0,29.79,40.94,43.63,766.65,473.57,336.76,210.26,55.6,9.27,184.21,219.28,5.91,35.2,5.22,-6.82,0.0,27.12,26.55,4.29,8.36,11.93,15.75,-0.4,22.08,2.65,0.49,14.51,19.95,1.9,33.34,20.6,14.65,9.14,2.42,0.4,8.01,9.54,0.3391666666666666,1.3925,0.2866666666666667,0.2208333333333333,,0.7875,0.8575,8.818333333333333,22.5175,33.777499999999996,28.68916666666667,0.2908333333333332,49.45083333333334,5.958333333333333,1.0108333333333335,21.673333333333332,40.376666666666665,44.4425,862.3299999999999,542.5875,351.9816666666666,223.29999999999998,70.2175,9.194166666666666,148.24583333333334,197.60916666666665,9.188333333333333,37.85166666666667,7.770833333333333,6.260000000000001,,21.456666666666667,23.731666666666666,4.150833333333334,10.584166666666667,15.916666666666666,13.483333333333334,0.19499999999999995,23.265833333333333,2.8066666666666666,0.4791666666666667,10.576666666666666,18.736666666666668,1.8191666666666668,35.1675,22.111666666666668,14.369166666666667,9.1225,2.861666666666667,0.37666666666666665,6.069166666666668,8.105833333333333
2024-05-01,0.05,1.67,0.2,-0.15,0.0,0.96,0.66,8.68,16.22,23.66,34.15,-1.21,45.76,5.24,1.01,37.36,28.54,44.1,780.2,516.75,390.33,218.62,67.32,9.24,211.99,195.6,1.41,47.1,5.69,-4.14,0.0,27.09,18.69,4.32,8.09,11.79,17.02,-0.6,22.81,2.61,0.5,18.62,14.23,1.81,32.05,21.23,16.04,8.98,2.77,0.38,8.71,8.04,0.32666666666666666,1.4516666666666669,0.29083333333333333,0.15749999999999997,,0.8108333333333334,0.8491666666666667,8.832500000000001,22.314166666666665,33.4125,29.115,0.2891666666666665,49.642500000000005,5.906666666666666,1.0091666666666665,22.295,40.10166666666667,44.60583333333333,862.335,542.8716666666667,355.61249999999995,224.16666666666666,70.6925,9.186666666666667,152.70416666666668,198.3983333333333,8.693333333333333,38.880833333333335,7.796666666666667,4.0775,,21.649166666666662,22.97583333333333,4.1499999999999995,10.465833333333334,15.709166666666667,13.669166666666667,0.1958333333333333,23.321666666666662,2.7758333333333334,0.47750000000000004,10.859166666666667,18.570833333333333,1.8175,35.01916666666667,22.025833333333335,14.4525,9.118333333333334,2.8699999999999997,0.375,6.2225,8.103333333333333
2024-06-01,0.19,2.02,0.3,0.17,0.0,1.23,0.81,7.83,17.23,25.43,31.59,-0.47,45.53,5.43,0.96,37.88,26.9,42.63,821.54,568.6,415.58,219.6,66.34,9.05,210.82,186.22,4.21,44.39,6.69,3.66,0.0,26.92,17.8,3.94,8.67,12.79,15.89,-0.24,22.91,2.73,0.48,19.06,13.53,1.68,32.34,22.38,16.36,8.64,2.61,0.36,8.3,7.33,0.32416666666666666,1.4974999999999998,0.2916666666666667,0.1433333333333333,,0.8416666666666667,0.8799999999999999,8.865,22.171666666666667,32.77166666666667,29.4275,0.05833333333333318,49.85999999999999,5.969166666666667,1.0075,22.701666666666668,40.535,44.78666666666667,860.3291666666665,543.2033333333334,360.9475,224.68083333333334,70.98166666666667,9.189166666666667,156.58916666666667,201.08083333333335,8.485833333333334,38.844166666666666,7.609999999999999,3.529166666666667,,21.72083333333333,23.336666666666662,4.153333333333333,10.360000000000001,15.3275,13.775833333333333,0.07499999999999996,23.354166666666668,2.7991666666666664,0.4749999999999999,11.005,18.75,1.8175,34.785000000000004,21.935,14.598333333333331,9.099166666666667,2.8699999999999997,0.37333333333333335,6.345833333333332,8.180833333333334
2024-07-01,0.39,2.4,0.36,0.06,0.0,1.37,1.06,7.81,18.1,32.27,29.6,0.77,51.19,6.27,1.0,41.49,26.56,44.27,923.31,653.46,452.04,235.86,71.98,9.15,216.87,180.95,6.99,43.03,6.47,1.02,0.0,24.61,18.92,3.64,8.44,15.06,13.81,0.36,23.89,2.93,0.47,19.36,12.39,1.59,33.12,23.44,16.22,8.46,2.58,0.33,7.78,6.49,0.3066666666666667,1.5316666666666665,0.29083333333333333,0.09166666666666662,,0.8583333333333333,0.9208333333333333,8.874166666666667,22.104166666666668,32.42250000000001,29.965833333333332,-0.13916666666666686,50.208333333333336,6.021666666666667,1.0083333333333335,23.4375,40.145,44.85166666666667,857.6991666666668,544.0058333333333,366.53249999999997,225.3075,71.51,9.194166666666668,160.76333333333332,201.5775,8.005833333333333,38.899166666666666,7.497500000000001,2.4133333333333336,,21.7,23.896666666666665,4.141666666666667,10.290000000000001,15.090833333333334,13.980833333333335,-0.023333333333333383,23.4225,2.8125,0.47333333333333333,11.2825,18.505,1.8141666666666667,34.56666666666667,21.88,14.749166666666666,9.0925,2.8800000000000003,0.3725,6.474166666666666,8.175833333333333
2024-08-01,0.29,2.2,0.33,0.14,0.0,1.34,0.75,7.7,18.73,32.31,22.94,1.38,51.61,6.2,1.0,39.43,26.9,44.24,954.52,660.72,430.02,236.33,71.89,9.06,223.27,164.08,5.83,44.78,6.75,2.94,0.0,27.27,15.37,3.72,9.06,15.62,11.09,0.67,24.95,3.0,0.48,19.06,13.01,1.58,34.16,23.65,15.39,8.46,2.57,0.32,7.99,5.87,0.29916666666666664,1.5733333333333333,0.2875,0.08166666666666662,,0.8758333333333334,0.8991666666666666,8.846666666666666,21.903333333333336,32.2425,29.8175,-0.2933333333333335,50.67583333333332,6.020833333333333,1.01,24.25583333333333,40.115,44.89416666666667,858.7758333333333,545.2408333333333,367.2525,225.9325,70.95083333333334,9.186666666666666,165.4575,202.5683333333333,7.8116666666666665,39.53916666666667,7.381666666666668,2.183333333333333,,21.9175,23.349166666666665,4.114166666666667,10.1575,14.944999999999999,13.866666666666667,-0.10333333333333339,23.569999999999997,2.8016666666666663,0.4725,11.6275,18.444166666666668,1.8100000000000003,34.494166666666665,21.848333333333333,14.725000000000001,9.088333333333333,2.8508333333333336,0.37083333333333335,6.622500000000001,8.193333333333333
2024-09-01,0.16,1.7,0.18,0.32,0.0,1.11,0.54,7.75,18.7,30.02,23.34,-0.43,48.19,5.87,0.99,28.91,36.06,44.07,863.33,580.32,364.89,219.15,73.43,8.98,190.48,190.61,4.34,46.11,4.85,8.7,0.0,30.13,14.6,3.88,9.36,15.02,11.68,-0.22,24.11,2.94,0.5,14.47,18.05,1.74,34.05,22.89,14.39,8.64,2.9,0.35,7.51,7.52,0.2966666666666667,1.5841666666666665,0.27666666666666667,0.1191666666666666,,0.895,0.8641666666666667,8.830833333333333,21.536666666666665,31.892500000000002,30.017500000000002,-0.6066666666666668,50.79333333333333,6.035,1.0108333333333333,24.4825,40.85666666666666,45.01333333333333,861.3583333333332,545.9425,365.77416666666664,225.93416666666667,70.97416666666668,9.191666666666666,168.66083333333333,205.55416666666667,7.771666666666666,40.02666666666667,7.13,3.1941666666666664,,22.546666666666667,22.525833333333335,4.094166666666667,9.94,14.719166666666666,13.935833333333335,-0.26500000000000007,23.559166666666666,2.8008333333333333,0.4716666666666667,11.7025,18.775833333333335,1.8091666666666668,34.48583333333333,21.800833333333333,14.615833333333333,9.059166666666668,2.8425,0.36916666666666664,6.728333333333333,8.290833333333333
2024-10-01,0.07,1.45,0.1,-0.02,0.0,1.07,1.02,8.56,23.54,30.85,30.3,0.31,51.37,6.18,1.04,19.55,39.66,45.74,803.55,532.11,347.12,222.1,71.03,9.01,176.65,214.88,1.78,38.99,2.67,-0.43,0.0,28.94,27.59,4.06,11.15,14.62,14.36,0.15,24.34,2.93,0.5,9.26,18.79,1.89,33.17,21.97,14.33,9.17,2.93,0.37,7.29,8.87,0.2725,1.5883333333333336,0.25333333333333335,0.1258333333333333,,0.9183333333333334,0.8916666666666667,8.840833333333334,21.41416666666667,31.707499999999996,30.639166666666664,-0.6566666666666668,50.949999999999996,6.069166666666667,1.0116666666666667,24.730833333333333,40.45166666666667,45.19166666666667,861.4808333333334,546.9375,364.7825,226.12583333333336,71.2625,9.166666666666666,171.54583333333335,207.63583333333335,7.094166666666666,40.05166666666667,6.469166666666667,3.3891666666666667,,23.140833333333333,23.243333333333336,4.0925,9.860833333333334,14.604166666666666,14.211666666666666,-0.28916666666666674,23.592499999999998,2.8125,0.4716666666666667,11.805833333333334,18.547500000000003,1.8125,34.410000000000004,21.790000000000003,14.538333333333334,9.045,2.8475,0.3666666666666667,6.8325000000000005,8.3575
2024-11-01,0.41,2.15,0.1,-0.65,0.0,0.72,1.07,9.46,27.91,46.01,23.88,-1.02,53.22,6.73,1.02,12.34,43.26,46.48,834.03,526.31,316.07,226.63,68.86,9.04,148.98,220.97,9.2,48.38,2.23,-14.55,0.0,16.08,24.12,4.22,12.47,20.56,10.67,-0.45,23.78,3.01,0.46,5.51,19.33,1.94,34.79,21.95,13.18,9.45,2.87,0.38,6.21,9.22,0.275,1.6825,0.24250000000000002,0.047499999999999966,,0.9366666666666666,0.8975000000000001,8.8575,21.433333333333334,32.7925,29.9325,-0.7133333333333335,51.23583333333334,6.110833333333335,1.0125,24.95,39.766666666666666,45.254999999999995,861.5616666666665,548.9683333333334,363.8825,226.56583333333336,71.62916666666668,9.169166666666667,174.0583333333333,206.99249999999998,6.858333333333333,41.36666666666667,6.0425,1.4124999999999999,,23.144166666666663,22.59,4.094166666666667,9.854166666666666,15.070833333333333,13.878333333333336,-0.3133333333333334,23.6925,2.828333333333333,0.4716666666666666,11.897499999999999,18.213333333333335,1.8116666666666668,34.355,21.839166666666667,14.477500000000001,9.047500000000001,2.858333333333333,0.3666666666666667,6.928333333333334,8.315
2024-12-01,0.44,2.16,0.17,-0.41,0.0,0.6,1.1,10.0,26.47,45.18,24.39,-1.92,59.97,6.85,1.06,10.11,54.54,48.87,947.8,537.81,331.27,256.1,81.69,9.8,148.1,249.83,9.9,48.35,3.74,-9.25,0.0,13.32,24.7,4.19,11.09,18.94,10.22,-0.8,25.14,2.87,0.44,4.24,22.86,1.87,36.3,20.6,12.69,9.81,3.13,0.38,5.67,9.57,0.2708333333333333,1.7575,0.22,-0.013333333333333372,,0.9474999999999999,0.9116666666666666,8.865833333333333,21.35083333333333,33.41416666666667,29.18166666666667,-0.6516666666666668,51.53666666666666,6.12,1.0141666666666667,25.176666666666666,39.700833333333335,45.33416666666667,860.8008333333333,550.2883333333333,363.75916666666666,227.8216666666667,71.08583333333333,9.196666666666667,177.265,207.92,6.5441666666666665,42.475833333333334,5.333333333333333,-0.11250000000000011,,23.1575,22.49166666666667,4.0925,9.805833333333334,15.313333333333333,13.547500000000001,-0.2858333333333334,23.791666666666668,2.829166666666667,0.4716666666666667,11.989166666666668,18.159166666666668,1.8108333333333333,34.248333333333335,21.8475,14.445833333333333,9.076666666666666,2.830833333333333,0.3675,7.0425,8.331666666666665
2025-01-01,0.51,2.29,0.22,-0.37,0.0,0.69,0.84,10.13,28.52,47.87,29.09,-1.39,63.2,6.53,1.14,11.6,53.57,49.74,939.73,559.05,331.35,253.51,85.58,10.02,161.05,239.6,11.24,50.23,4.81,-8.16,0.0,15.19,18.52,4.03,11.33,19.02,11.56,-0.55,25.11,2.6,0.45,4.61,21.29,1.89,35.74,21.26,12.6,9.64,3.25,0.38,6.12,9.11,0.2808333333333333,1.8275,0.21333333333333335,-0.057500000000000044,,0.9608333333333334,0.8683333333333333,8.866666666666667,21.465,33.72,28.781666666666666,-0.6483333333333335,51.70416666666667,6.098333333333334,1.0216666666666667,25.31083333333333,39.42666666666667,45.465833333333336,860.9458333333333,550.4825,363.3766666666667,228.77916666666667,71.32083333333334,9.235000000000001,181.08,209.45583333333332,6.6691666666666665,43.659166666666664,5.116666666666667,-1.1250000000000002,,23.321666666666662,21.233333333333334,4.0925,9.85,15.4325,13.386666666666668,-0.28416666666666673,23.854166666666668,2.8208333333333333,0.4741666666666667,12.041666666666666,18.0475,1.8108333333333333,34.16083333333333,21.799166666666668,14.3975,9.089166666666667,2.830833333333333,0.3675,7.175833333333333,8.3675
2025-02-01,0.44,2.41,0.18,-0.41,0.0,0.68,0.79,9.45,29.17,45.65,27.47,-0.29,54.54,6.07,1.05,17.83,34.71,47.03,804.64,500.12,313.6,225.33,75.31,9.15,175.57,218.56,9.76,53.5,4.06,-9.11,0.0,15.14,17.51,4.18,12.91,20.21,12.16,-0.13,24.14,2.68,0.46,7.89,15.36,1.98,33.96,21.11,13.24,9.51,3.18,0.39,7.41,9.22,0.2866666666666667,1.9283333333333335,0.21,-0.1216666666666667,,0.9633333333333334,0.8558333333333334,8.865,22.022499999999997,34.725833333333334,28.655,-0.5400000000000001,51.76083333333333,6.0874999999999995,1.0266666666666666,25.6975,37.8675,45.58916666666667,857.1949999999998,551.5733333333334,363.5825,228.9525,71.45666666666666,9.254999999999999,184.765,209.16583333333335,6.560833333333332,45.15416666666667,4.910833333333334,-2.7758333333333334,,22.992500000000003,20.379166666666666,4.085833333333333,10.082500000000001,15.8575,13.3125,-0.23583333333333342,23.84583333333333,2.811666666666667,0.47500000000000003,12.204166666666667,17.324166666666667,1.8141666666666667,33.98083333333333,21.833333333333332,14.399166666666668,9.090833333333334,2.8350000000000004,0.36833333333333335,7.328333333333333,8.349166666666667
2025-03-01,0.18,1.48,0.11,0.1,0.0,1.05,1.03,9.83,24.64,37.3,26.48,-2.55,54.79,6.09,1.18,29.92,40.01,46.63,852.22,504.49,329.67,237.83,60.26,10.01,221.38,252.81,4.67,38.41,2.96,2.59,0.0,27.34,26.64,4.27,10.7,16.2,11.5,-1.11,23.8,2.65,0.51,13.0,17.38,1.85,33.88,20.06,13.11,9.46,2.4,0.4,8.8,10.05,0.2783333333333333,1.93,0.20249999999999999,-0.12166666666666671,,0.9808333333333333,0.8833333333333333,8.834166666666667,22.199166666666667,35.08583333333333,27.963333333333335,-0.6375000000000001,52.05666666666667,6.074999999999999,1.0374999999999999,26.35083333333333,37.637499999999996,45.61916666666667,857.6266666666667,551.1091666666666,363.22499999999997,230.11,70.77416666666666,9.315,189.11416666666665,211.11583333333337,6.27,44.8725,4.678333333333334,-2.795833333333333,,23.2625,20.9175,4.0616666666666665,10.135833333333332,15.980000000000002,12.975833333333334,-0.2766666666666668,23.921666666666667,2.8000000000000003,0.47833333333333333,12.465833333333334,17.180833333333336,1.8100000000000003,33.90833333333333,21.761666666666667,14.35,9.113333333333333,2.8008333333333333,0.36999999999999994,7.483333333333333,8.4025
2025-04-01,0.14,1.07,0.11,0.45,0.0,0.88,0.69,8.89,18.29,27.12,27.06,-1.3,45.03,5.67,1.17,37.41,31.38,45.14,757.45,479.52,325.85,216.75,62.55,9.83,248.89,226.76,4.88,36.85,3.84,15.59,0.0,30.56,23.89,4.4,9.06,13.42,13.4,-0.64,22.29,2.81,0.58,18.52,15.53,1.9,31.92,20.21,13.73,9.14,2.64,0.41,10.49,9.56,0.2725,1.9166666666666667,0.19666666666666668,-0.06416666666666672,,0.975,0.8633333333333333,8.840833333333334,22.293333333333333,35.30583333333333,27.524166666666662,-0.6766666666666667,52.03333333333333,6.094166666666666,1.0516666666666665,26.985833333333332,36.84083333333333,45.745000000000005,856.86,551.605,362.31583333333333,230.65083333333337,71.35333333333334,9.361666666666666,194.50416666666663,211.73916666666665,6.184166666666667,45.01,4.5633333333333335,-0.9283333333333333,,23.549166666666665,20.695833333333333,4.070833333333334,10.194166666666666,16.104166666666668,12.780000000000001,-0.29666666666666675,23.93916666666667,2.813333333333333,0.48583333333333334,12.800000000000002,16.8125,1.8099999999999998,33.79,21.729166666666668,14.273333333333332,9.113333333333333,2.8191666666666664,0.37083333333333335,7.69,8.404166666666667
2025-05-01,0.08,1.43,0.17,-0.14,0.0,1.0,0.76,8.26,13.51,24.21,28.24,-1.5,43.66,5.45,1.17,43.54,33.87,45.2,768.08,510.65,364.59,216.88,68.19,9.72,265.63,221.45,2.31,41.67,4.87,-3.94,0.0,29.07,22.09,4.09,6.69,11.99,13.99,-0.74,21.62,2.7,0.58,21.56,16.77,1.83,31.09,20.67,14.76,8.78,2.76,0.39,10.75,8.96,0.275,1.8966666666666665,0.19416666666666668,-0.06333333333333338,,0.9783333333333334,0.8716666666666666,8.805833333333334,22.0675,35.35166666666667,27.031666666666666,-0.7008333333333333,51.85833333333333,6.111666666666667,1.065,27.500833333333333,37.285,45.836666666666666,855.85,551.0966666666667,360.17083333333335,230.5058333333333,71.42583333333333,9.401666666666666,198.97416666666666,213.89333333333335,6.259166666666668,44.5575,4.495,-0.9116666666666667,,23.714166666666667,20.979166666666668,4.051666666666667,10.077499999999999,16.120833333333334,12.527499999999998,-0.3083333333333334,23.840000000000003,2.8208333333333333,0.4925,13.045,17.024166666666666,1.8116666666666665,33.71,21.6825,14.166666666666666,9.096666666666666,2.8183333333333334,0.37166666666666676,7.86,8.480833333333333
2025-06-01,0.07,2.0,0.25,-0.21,0.0,1.24,0.78,7.4,12.44,27.99,25.89,0.03,44.71,5.33,1.1,47.5,32.52,44.24,817.57,565.35,402.72,220.46,66.83,9.33,279.06,206.92,1.52,46.04,5.8,-4.84,0.0,28.6,18.01,3.61,6.07,13.66,12.64,0.02,21.82,2.6,0.54,23.18,15.87,1.69,31.3,21.64,15.42,8.44,2.56,0.36,10.68,7.92,0.265,1.8949999999999998,0.19000000000000003,-0.09500000000000004,,0.9791666666666666,0.8691666666666666,8.77,21.668333333333333,35.565,26.55666666666666,-0.6591666666666668,51.79,6.103333333333333,1.0766666666666667,28.3025,37.75333333333334,45.97083333333333,855.5191666666668,550.8258333333333,359.09916666666663,230.5775,71.46666666666667,9.424999999999999,204.66083333333333,215.6183333333333,6.035,44.695,4.420833333333333,-1.62,,23.854166666666668,20.996666666666666,4.024166666666667,9.860833333333334,16.19333333333333,12.256666666666668,-0.28666666666666674,23.749166666666667,2.81,0.4975,13.388333333333334,17.219166666666666,1.8125,33.623333333333335,21.620833333333334,14.088333333333333,9.08,2.814166666666667,0.37166666666666665,8.058333333333334,8.53
2025-07-01,0.33,2.46,0.32,-0.16,0.0,1.49,0.87,7.46,18.0,34.24,24.69,-0.86,49.8,5.69,1.12,45.87,28.14,47.58,958.69,658.12,423.97,237.02,69.55,9.29,294.67,201.38,5.98,44.93,5.91,-2.86,0.0,27.31,15.85,3.47,8.37,15.92,11.48,-0.4,23.16,2.65,0.52,21.33,13.09,1.64,33.06,22.69,14.62,8.17,2.4,0.32,10.16,6.94,0.26,1.9000000000000001,0.18666666666666668,-0.11333333333333338,,0.9891666666666667,0.8533333333333334,8.740833333333333,21.66,35.729166666666664,26.147499999999997,-0.795,51.67416666666666,6.055,1.0866666666666667,28.6675,37.885,46.24666666666667,858.4674999999999,551.2141666666668,356.76,230.67416666666665,71.26416666666667,9.436666666666666,211.14416666666668,217.32083333333333,5.9508333333333345,44.85333333333333,4.3741666666666665,-1.9433333333333334,,24.079166666666666,20.740833333333335,4.010000000000001,9.854999999999999,16.264999999999997,12.0625,-0.3500000000000001,23.688333333333333,2.7866666666666666,0.5016666666666666,13.5525,17.2775,1.8166666666666667,33.61833333333333,21.558333333333334,13.955,9.055833333333334,2.7991666666666664,0.37083333333333335,8.256666666666666,8.5675
2025-08-01,0.07,1.99,0.24,-0.3,0.0,1.33,1.16,7.8,14.98,30.04,22.53,-1.48,49.38,5.54,1.03,44.25,28.58,46.77,968.69,651.72,407.29,233.34,72.32,9.4,284.45,182.84,1.54,41.58,4.94,-6.23,0.0,27.77,24.14,3.82,7.34,14.72,11.04,-0.72,24.19,2.72,0.51,21.68,14.0,1.64,33.91,22.81,14.26,8.17,2.53,0.33,9.96,6.4,0.2416666666666667,1.8825,0.17916666666666667,-0.15000000000000005,,0.9883333333333334,0.8875000000000001,8.749166666666667,21.347499999999997,35.54,26.113333333333333,-1.0333333333333334,51.48833333333334,6.0,1.0891666666666666,29.069166666666664,38.025,46.4575,859.6483333333334,550.4641666666666,354.86583333333334,230.42499999999998,71.3,9.465000000000002,216.24250000000004,218.8841666666667,5.593333333333334,44.586666666666666,4.223333333333334,-2.7075,,24.120833333333334,21.471666666666664,4.0183333333333335,9.711666666666666,16.19,12.058333333333332,-0.4658333333333334,23.625,2.763333333333333,0.5041666666666668,13.77083333333333,17.36,1.8216666666666665,33.5975,21.488333333333333,13.860833333333332,9.031666666666666,2.795833333333333,0.37166666666666665,8.420833333333333,8.611666666666666
2025-09-01,0.1,1.75,0.2,-0.2,0.0,1.15,0.88,7.79,16.05,30.1,21.2,-0.24,48.83,5.25,1.02,33.59,37.4,45.51,834.78,576.52,404.16,219.66,70.04,8.94,246.91,192.97,2.54,42.85,4.96,-4.77,0.0,28.22,21.43,3.87,7.98,14.96,10.53,-0.12,24.27,2.61,0.51,16.69,18.58,1.75,32.11,22.18,15.55,8.45,2.69,0.34,9.5,7.42,0.23666666666666666,1.8866666666666667,0.18083333333333332,-0.19333333333333336,,0.9916666666666666,0.9158333333333334,8.7525,21.126666666666665,35.54666666666667,25.935,-1.0175,51.541666666666664,5.948333333333334,1.0916666666666668,29.459166666666665,38.13666666666666,46.57749999999999,857.2691666666668,550.1474999999999,358.1383333333333,230.46749999999997,71.0175,9.461666666666668,220.94500000000002,219.08083333333332,5.443333333333334,44.315,4.2325,-3.8299999999999996,,23.961666666666662,22.040833333333335,4.0175,9.596666666666666,16.185,11.962499999999999,-0.4575000000000001,23.638333333333335,2.7358333333333333,0.505,13.95583333333333,17.404166666666665,1.8225,33.435833333333335,21.42916666666667,13.957500000000001,9.015833333333333,2.7783333333333338,0.37083333333333335,8.586666666666668,8.603333333333333
2025-10-01,0.19,1.83,0.17,-0.22,0.0,0.79,0.74,8.78,20.07,38.34,21.26,-2.42,50.27,6.42,1.07,23.18,48.88,46.12,817.07,552.4,376.59,219.77,66.52,9.24,210.17,224.32,5.22,49.23,4.6,-5.83,0.0,21.19,19.76,4.02,9.2,17.57,9.74,-1.11,23.03,2.94,0.49,10.62,22.4,1.83,32.4,21.9,14.93,8.71,2.64,0.37,8.33,8.89,0.24666666666666667,1.9183333333333332,0.18666666666666665,-0.21000000000000005,,0.9683333333333333,0.8925,8.770833333333334,20.837500000000002,36.170833333333334,25.18166666666666,-1.245,51.449999999999996,5.968333333333334,1.0941666666666667,29.76166666666667,38.905,46.60916666666666,858.3958333333334,551.8383333333333,360.5941666666667,230.2733333333333,70.64166666666667,9.480833333333333,223.73833333333334,219.86749999999998,5.73,45.16833333333333,4.3933333333333335,-4.28,,23.31583333333333,21.388333333333335,4.014166666666667,9.434166666666668,16.430833333333332,11.5775,-0.5625000000000001,23.52916666666667,2.736666666666667,0.5041666666666668,14.069166666666666,17.705,1.8175,33.37166666666667,21.423333333333332,14.0075,8.977500000000001,2.7541666666666664,0.37083333333333335,8.673333333333334,8.605
2025-11-01,0.21,1.74,0.23,-0.48,0.0,0.59,1.14,9.58,24.42,43.51,24.74,-1.39,54.72,6.64,1.06,15.18,46.76,49.6,805.19,522.58,335.32,227.88,65.38,8.99,193.56,257.68,5.33,44.64,5.89,-12.25,0.0,15.04,29.11,4.23,10.77,19.2,10.92,-0.62,24.15,2.93,0.47,6.7,20.64,2.01,32.65,21.19,13.6,9.24,2.65,0.36,7.85,10.45,0.22999999999999998,1.8841666666666665,0.1975,-0.1958333333333334,,0.9575,0.8983333333333333,8.780833333333332,20.546666666666667,35.9625,25.25333333333333,-1.2758333333333336,51.574999999999996,5.960833333333333,1.0975,29.998333333333335,39.196666666666665,46.869166666666665,855.9925000000002,551.5275,362.1983333333333,230.37749999999997,70.35166666666666,9.476666666666667,227.45333333333335,222.92666666666665,5.4075,44.85666666666666,4.698333333333333,-4.088333333333334,,23.229166666666668,21.804166666666664,4.015,9.2925,16.3175,11.598333333333331,-0.5766666666666668,23.56,2.73,0.505,14.168333333333335,17.81416666666667,1.8233333333333333,33.193333333333335,21.36,14.042499999999999,8.96,2.7358333333333333,0.36916666666666664,8.81,8.707500000000001
2025-12-01,0.41,2.44,0.29,-0.48,0.0,0.58,0.84,9.97,22.47,49.91,27.11,-3.8,61.98,6.98,1.1,11.19,50.79,51.82,934.89,553.74,345.59,255.98,85.08,9.93,186.21,268.51,8.92,53.59,6.28,-10.61,0.0,12.76,18.43,4.13,9.3,20.67,11.22,-1.57,25.66,2.89,0.46,4.63,21.03,1.92,34.73,20.57,12.84,9.51,3.16,0.37,6.92,9.98,0.2275,1.9075,0.2075,-0.2016666666666667,,0.9558333333333334,0.8766666666666666,8.778333333333334,20.213333333333335,36.35666666666667,25.48,-1.4325,51.74250000000001,5.971666666666667,1.1008333333333333,30.088333333333335,38.884166666666665,47.11500000000001,854.9166666666666,552.855,363.39166666666665,230.36749999999998,70.63416666666667,9.487499999999999,230.6291666666667,224.48333333333335,5.325833333333333,45.29333333333333,4.91,-4.201666666666667,,23.1825,21.281666666666666,4.010000000000001,9.143333333333333,16.461666666666666,11.681666666666667,-0.6408333333333335,23.603333333333335,2.731666666666667,0.5066666666666667,14.200833333333334,17.661666666666665,1.8275,33.0625,21.3575,14.055,8.935,2.7383333333333333,0.36833333333333335,8.914166666666667,8.741666666666667
2026-01-01,0.38,2.36,0.63,-1.2,0.0,0.55,1.58,10.77,28.6,58.49,28.88,-3.24,62.02,7.43,1.09,11.84,55.52,52.53,917.23,578.95,334.22,251.4,88.6,10.23,190.78,266.88,6.82,42.96,11.52,-21.85,0.0,10.05,28.65,4.07,10.81,22.1,10.91,-1.23,23.44,2.81,0.41,4.47,20.98,1.95,34.09,21.52,12.42,9.34,3.29,0.38,7.09,9.92,0.21666666666666665,1.9133333333333333,0.2416666666666667,-0.2708333333333333,,0.9441666666666667,0.9383333333333334,8.831666666666667,20.22,37.24166666666667,25.462500000000002,-1.5866666666666667,51.64416666666667,6.046666666666667,1.0966666666666667,30.108333333333334,39.04666666666667,47.347500000000004,853.0416666666666,554.5133333333333,363.6308333333333,230.1916666666667,70.88583333333334,9.505,233.10666666666665,226.75666666666666,4.9575,44.6875,5.469166666666666,-5.342500000000001,,22.754166666666666,22.125833333333333,4.013333333333334,9.1,16.718333333333334,11.6275,-0.6975000000000001,23.464166666666667,2.749166666666667,0.5033333333333333,14.189166666666667,17.635833333333334,1.8324999999999998,32.925000000000004,21.379166666666666,14.04,8.91,2.7416666666666667,0.36833333333333335,8.995,8.809166666666668
2026-02-01,0.24,1.58,0.91,-1.08,0.0,0.65,1.12,10.0,23.7,42.33,29.59,-4.28,53.07,6.61,1.01,15.99,49.82,49.1,835.69,504.66,324.81,218.24,74.92,9.3,204.5,239.29,5.23,35.14,20.17,-24.16,0.0,14.52,24.94,4.31,10.21,18.24,12.75,-1.84,22.86,2.85,0.43,6.89,21.46,2.0,33.97,20.51,13.2,8.87,3.04,0.38,8.31,9.72,0.19999999999999998,1.844166666666667,0.3025,-0.3266666666666667,,0.9416666666666665,0.9658333333333333,8.8775,19.764166666666668,36.964999999999996,25.639166666666664,-1.9191666666666667,51.52166666666667,6.091666666666668,1.0933333333333335,29.955000000000002,40.30583333333333,47.52,855.6291666666667,554.8916666666667,364.56500000000005,229.60083333333333,70.85333333333334,9.5175,235.5175,228.48416666666665,4.58,43.1575,6.811666666666667,-6.596666666666668,,22.702499999999997,22.745,4.024166666666667,8.875,16.554166666666667,11.676666666666668,-0.84,23.3575,2.7633333333333336,0.5008333333333334,14.105833333333331,18.144166666666667,1.8341666666666665,32.92583333333334,21.329166666666666,14.036666666666667,8.856666666666667,2.73,0.3675,9.07,8.850833333333334
2026-03-01,0.27,1.9,0.6,-0.98,0.0,1.0,1.1,9.77,23.69,33.7,29.06,-5.45,53.5,6.23,1.08,33.42,44.43,48.3,866.2,511.68,350.62,223.07,66.29,9.64,262.98,247.04,5.46,39.03,12.29,-20.2,0.0,20.59,22.62,4.16,10.09,14.35,12.37,-2.32,22.78,2.65,0.46,14.23,18.92,1.87,33.5,19.79,13.56,8.63,2.56,0.37,10.17,9.55,0.20750000000000002,1.8791666666666667,0.3433333333333333,-0.4166666666666667,,0.9375,0.9716666666666667,8.8725,19.685,36.665,25.854166666666668,-2.160833333333333,51.41416666666666,6.103333333333334,1.0850000000000002,30.24666666666667,40.67416666666667,47.659166666666664,856.7941666666667,555.4908333333334,366.3108333333334,228.3708333333333,71.35583333333334,9.486666666666666,238.98416666666665,228.00333333333333,4.645833333333333,43.20916666666667,7.589166666666666,-8.495833333333332,,22.14,22.41,4.015,8.824166666666667,16.4,11.749166666666666,-0.9408333333333334,23.272499999999997,2.763333333333333,0.49666666666666665,14.208333333333334,18.272499999999997,1.8358333333333332,32.89416666666667,21.30666666666667,14.074166666666665,8.7875,2.7433333333333336,0.365,9.184166666666668,8.809166666666668
2026-04-01,0.2,1.3,0.25,-0.13,0.0,0.89,0.81,8.94,17.05,26.67,23.76,-3.42,46.86,5.77,1.06,42.69,36.04,44.78,769.84,489.5,339.32,210.58,59.87,9.89,283.17,240.7,5.72,37.64,7.32,-3.83,0.0,25.85,23.44,4.28,8.16,12.77,11.38,-1.64,22.44,2.76,0.51,20.44,17.26,1.83,31.45,20.0,13.86,8.6,2.45,0.4,11.57,9.83,0.2125,1.8983333333333334,0.355,-0.465,,0.9383333333333334,0.9816666666666668,8.876666666666667,19.581666666666667,36.627500000000005,25.57916666666667,-2.3375,51.56666666666666,6.111666666666667,1.0758333333333334,30.686666666666667,41.0625,47.62916666666666,857.8266666666668,556.3225,367.43333333333334,227.85666666666665,71.1325,9.491666666666667,241.84083333333334,229.165,4.715833333333333,43.275,7.879166666666667,-10.114166666666668,,21.747500000000002,22.372500000000002,4.005,8.749166666666667,16.345833333333335,11.580833333333333,-1.0241666666666667,23.284999999999997,2.7591666666666668,0.4908333333333333,14.368333333333334,18.416666666666668,1.83,32.855,21.28916666666667,14.085,8.7425,2.7274999999999996,0.3641666666666667,9.274166666666666,8.831666666666667
2026-05-01,0.2,1.48,0.37,-0.73,0.0,1.26,0.92,8.71,16.36,26.36,24.71,-2.84,44.07,5.58,1.02,48.83,29.64,45.38,790.16,519.23,376.97,219.33,65.96,9.98,313.59,230.01,4.85,35.02,8.72,-17.31,0.0,29.72,21.68,4.24,7.97,12.84,12.04,-1.38,21.47,2.72,0.5,23.79,14.44,1.76,30.74,20.2,14.66,8.53,2.57,0.39,12.2,8.95,0.2225,1.9025,0.37166666666666665,-0.5141666666666668,,0.96,0.9950000000000001,8.914166666666667,19.819166666666668,36.806666666666665,25.285,-2.4491666666666667,51.600833333333334,6.1225,1.0633333333333335,31.1275,40.71,47.64416666666667,859.6666666666666,557.0375,368.465,228.06083333333333,70.94666666666667,9.513333333333334,245.8375,229.87833333333333,4.9275,42.72083333333333,8.200000000000001,-11.228333333333333,,21.801666666666666,22.338333333333335,4.0175,8.855833333333335,16.416666666666668,11.418333333333331,-1.0775,23.272499999999997,2.760833333333333,0.48416666666666663,14.554166666666667,18.2225,1.8241666666666667,32.82583333333333,21.25,14.076666666666666,8.721666666666666,2.7116666666666664,0.3641666666666667,9.395,8.830833333333333
2026-06-01,0.13,1.82,0.33,-0.6,0.0,1.46,0.94,7.72,15.85,30.22,23.71,-0.49,44.4,5.14,0.98,53.44,28.83,43.85,828.15,570.12,415.06,226.94,64.62,9.4,328.6,208.99,2.76,38.93,7.05,-12.88,0.0,31.13,20.15,3.67,7.54,14.37,11.28,-0.23,21.11,2.45,0.46,25.41,13.71,1.63,30.72,21.15,15.4,8.42,2.4,0.35,12.19,7.75,0.2275,1.8875,0.37833333333333335,-0.5466666666666667,,0.9783333333333334,1.0083333333333333,8.940833333333334,20.10333333333333,36.9925,25.103333333333335,-2.4925,51.574999999999996,6.1066666666666665,1.0533333333333335,31.622500000000002,40.402499999999996,47.61166666666667,860.5483333333333,557.435,369.49333333333334,228.60083333333333,70.7625,9.519166666666667,249.96583333333334,230.05083333333334,5.030833333333333,42.12833333333334,8.304166666666667,-11.898333333333333,,22.012500000000003,22.516666666666666,4.0225,8.978333333333333,16.475833333333334,11.305,-1.0983333333333334,23.213333333333335,2.7483333333333335,0.4775,14.74,18.0425,1.8191666666666668,32.777499999999996,21.20916666666667,14.075000000000001,8.72,2.6983333333333337,0.3633333333333333,9.520833333333334,8.816666666666666
2026-07-01,0.18,2.14,0.36,-0.07,0.0,1.76,0.8,8.28,17.28,35.12,19.37,-1.94,48.89,6.0,0.98,56.64,32.12,46.0,945.6,654.31,436.79,241.21,72.03,9.55,339.44,217.03,3.39,40.81,6.82,-1.33,0.0,33.62,15.34,3.69,7.69,15.63,8.62,-0.86,21.76,2.67,0.44,25.21,14.3,1.55,31.92,22.09,14.75,8.14,2.43,0.32,11.46,7.33,0.215,1.8608333333333331,0.3816666666666666,-0.5391666666666667,,1.0008333333333332,1.0025,9.009166666666665,20.043333333333333,37.06583333333334,24.659999999999997,-2.5825,51.49916666666667,6.1325,1.0416666666666667,32.52,40.73416666666667,47.48,859.4575000000001,557.1175,370.56166666666667,228.95000000000002,70.96916666666667,9.540833333333333,253.6966666666667,231.35500000000002,4.815,41.785000000000004,8.38,-11.770833333333334,,22.538333333333338,22.474166666666665,4.040833333333333,8.921666666666667,16.451666666666668,11.066666666666668,-1.1366666666666667,23.096666666666668,2.75,0.4708333333333334,15.063333333333333,18.143333333333334,1.8116666666666665,32.6825,21.159166666666664,14.085833333333333,8.7175,2.700833333333333,0.36333333333333334,9.629166666666668,8.849166666666667
2026-08-01,0.24,2.21,0.4,-0.64,0.0,1.7,1.09,8.48,18.36,35.89,18.51,-1.91,43.33,6.14,1.0,52.11,31.32,47.0,954.86,667.03,420.02,235.48,73.88,9.52,330.6,209.16,4.34,39.15,7.04,-11.38,0.0,30.11,19.35,3.94,8.53,16.68,8.6,-0.89,20.14,2.85,0.46,24.22,14.56,1.6,32.4,22.63,14.25,7.99,2.51,0.32,11.22,7.1,0.22916666666666666,1.8791666666666667,0.395,-0.5675,,1.0316666666666665,0.9966666666666667,9.065833333333332,20.325,37.553333333333335,24.325,-2.6183333333333336,50.995000000000005,6.1825,1.0391666666666666,33.175000000000004,40.9625,47.49916666666667,858.305,558.3933333333333,371.6225,229.12833333333333,71.09916666666666,9.550833333333333,257.54249999999996,233.54833333333332,5.048333333333333,41.5825,8.555,-12.200000000000001,,22.733333333333334,22.075,4.050833333333333,9.020833333333334,16.615,10.863333333333332,-1.1508333333333334,22.75916666666667,2.7608333333333337,0.46666666666666673,15.275,18.19,1.8083333333333333,32.556666666666665,21.144166666666667,14.085,8.7025,2.6991666666666667,0.36250000000000004,9.734166666666667,8.9075
2026-09-01,0.23,1.52,0.27,-0.31,0.0,1.43,0.96,8.49,20.67,34.45,17.44,-0.08,42.53,5.95,0.99,41.76,35.28,,,,,,,,,,5.19,34.53,6.07,-7.14,0.0,32.46,21.75,4.09,9.96,16.6,8.4,-0.04,20.49,2.87,0.48,20.12,17.0,,,,,,,,,,0.24000000000000002,1.86,0.4008333333333334,-0.5766666666666668,,1.055,1.0033333333333332,9.124166666666667,20.71,37.91583333333333,24.011666666666667,-2.605,50.47,6.240833333333334,1.0366666666666666,33.85583333333333,40.78583333333333,,,,,,,,,,5.269166666666667,40.88916666666667,8.647499999999999,-12.3975,,23.08666666666667,22.101666666666663,4.069166666666667,9.185833333333333,16.75166666666667,10.685833333333333,-1.1441666666666668,22.444166666666664,2.7825,0.4641666666666666,15.560833333333335,18.058333333333334,,,,,,,,,
